video_id,frame_index,elbow_angle,spine_lean,head_over_knee,foot_direction,label
synthetic_good_0070,70,121.22373563264225,87.99286063924137,0.030436440519280933,95.50160701351993,Good
synthetic_poor_0227,227,53.97500954856909,46.54750087881743,0.27119684820725803,51.267681465330696,Poor
synthetic_good_0231,231,146.8167295968848,91.3751690513861,0.05797052888053156,94.86128862440616,Good
synthetic_avg_0288,288,91.6086950954113,75.91548865647086,0.11489966381558092,82.09733836989047,Average
synthetic_good_0039,39,137.21419974154315,98.05570969042701,0.034741685142893185,93.18285842653174,Good
synthetic_poor_0131,131,40.172677430320014,66.12674482426198,0.3553617436719886,51.217392868936955,Poor
synthetic_good_0299,299,127.69520038651383,95.25239897259068,0.011304955040004814,83.01890671418951,Good
synthetic_good_0110,110,105.3532309149772,95.0563175838275,0.005414410266874142,89.4748856194647,Good
synthetic_good_0072,72,150.53028507817044,86.19038216502142,0.010697939042651905,97.66200921730912,Good
synthetic_good_0086,86,142.00475327290093,91.3842151080972,0.018661363179171463,88.06096844936087,Good
synthetic_good_0139,139,134.9136880128476,97.89013290326008,0.008184728494266106,99.48956524668614,Good
synthetic_avg_0233,233,105.15376192621984,80.19791651500208,0.13125137548074337,70.02645822971846,Average
synthetic_poor_0201,201,59.762752417751976,51.49154955047229,0.15057718436799528,49.09171474787223,Poor
synthetic_good_0120,120,118.42046459501897,89.87426484726403,0.03359237176542921,98.3919909808908,Good
synthetic_poor_0111,111,33.09793436664767,49.851376926241024,0.20507242528249203,38.40415298046626,Poor
synthetic_avg_0290,290,96.9002088694956,86.30031160993721,0.11489293455514242,84.4438083245766,Average
synthetic_good_0168,168,103.65642495239018,87.97266795744987,0.012087563765644694,85.894108228287,Good
synthetic_avg_0122,122,86.63086674101564,78.09774305582678,0.09552985028462495,86.44298304179198,Average
synthetic_avg_0147,147,104.50853033134968,79.49678411388622,0.11511278062013897,75.82405154398478,Average
synthetic_good_0067,67,109.89350595938245,90.46373181787679,0.04661095448429814,88.96657523088017,Good
synthetic_good_0211,211,148.57758125008922,94.47070500617086,0.05947432965274991,86.47999660363602,Good
synthetic_poor_0141,141,45.5193401676024,68.82889438239555,0.3443410321890231,38.459071820278,Poor
synthetic_poor_0088,88,31.92435488831726,69.22422830558746,0.15462997122224195,66.287117689668,Poor
synthetic_avg_0033,33,75.80429911272842,82.57101780642385,0.10257079083483409,83.18608996714568,Average
synthetic_avg_0242,242,81.83997384533531,78.56438154946639,0.07900831794928474,73.35832295445223,Average
synthetic_avg_0044,44,98.48366922511669,83.96516772883955,0.12347085423751158,81.36405783744782,Average
synthetic_good_0030,30,127.5987058651586,99.20038620130444,0.02036999026558288,89.79430382224464,Good
synthetic_poor_0237,237,46.732841510199634,46.765160981639504,0.2872848881113687,59.9634289931674,Poor
synthetic_poor_0058,58,31.601992302061273,68.09092553971546,0.23360210501071696,59.48912863521171,Poor
synthetic_avg_0222,222,81.70067558258407,74.49019324643243,0.0643387009386954,82.40022095939543,Average
synthetic_good_0260,260,143.64264268612862,90.80043456198179,0.03558017371236996,87.87390597226462,Good
synthetic_poor_0156,156,24.42834993820793,54.00773122846592,0.22792232073942914,45.814502289843965,Poor
synthetic_good_0298,298,153.61193803514823,97.06504905959304,0.04490577778994948,85.3956886633772,Good
synthetic_avg_0231,231,103.16524513381854,76.81759727908667,0.06966415460943678,75.68133659036519,Average
synthetic_poor_0015,15,68.13926637309285,54.38941815373405,0.21809654666516748,55.80954043790861,Poor
synthetic_poor_0075,75,31.728325786595548,65.45092713663665,0.354323035104979,40.13063079973738,Poor
synthetic_good_0023,23,121.19430974574647,94.22348543741728,0.049367993035798426,86.54962549975872,Good
synthetic_avg_0289,289,88.78095216497597,78.46471814564599,0.04994037824494319,70.93664688502794,Average
synthetic_avg_0131,131,96.54497210091573,81.13753209768176,0.12675100528642616,85.5805485450289,Average
synthetic_good_0209,209,114.37432339514226,92.49288001077394,0.01325418503670732,98.49771526881452,Good
synthetic_good_0063,63,102.62686232954475,86.88307106470512,0.009676571767043736,79.24870750427513,Good
synthetic_good_0239,239,145.39287169800525,82.46999334574325,0.025424242236506606,81.80843818092602,Good
synthetic_avg_0070,70,80.01737232722895,76.01985215998003,0.13594051589068765,82.81343409268044,Average
synthetic_poor_0144,144,74.13669731107665,69.04220383413964,0.37742086703796907,66.04022492788701,Poor
synthetic_poor_0052,52,54.859167745775686,48.829308018549945,0.3831568979979135,69.43578514048832,Poor
synthetic_poor_0025,25,33.986850254814826,52.75875593514094,0.3788680358817644,58.90271961016691,Poor
synthetic_good_0215,215,112.99649655776163,96.59614269303322,0.026506764366239652,93.36016789253829,Good
synthetic_avg_0219,219,98.70810793631767,82.8511304779011,0.05102013128063541,72.431790509593,Average
synthetic_avg_0194,194,97.81850825797181,86.85608612058377,0.09327596383390718,78.549248017162,Average
synthetic_poor_0232,232,42.41871003989649,46.10686947812661,0.1585723977147273,50.48172523031108,Poor
synthetic_avg_0153,153,96.6836696663998,76.329699251862,0.1486100590222943,80.95949764115504,Average
synthetic_avg_0052,52,89.42191470839813,76.68723780225008,0.13982410330306225,78.78366941093316,Average
synthetic_avg_0249,249,91.28708103257392,71.90247061277125,0.15062344574300007,81.5886925558642,Average
synthetic_good_0280,280,106.9779251117458,89.14893757997325,0.052625106842856435,91.92801948917234,Good
synthetic_good_0247,247,117.44663356232704,88.78435722681431,0.020769886599117417,91.53363597552045,Good
synthetic_good_0213,213,126.29902421473166,86.76493983109093,0.00114659271144292,96.32015559540451,Good
synthetic_good_0137,137,133.201891300736,98.05876704913102,0.01044282329950508,86.4957080247521,Good
synthetic_avg_0096,96,105.63100215893304,79.30487771734971,0.05334088168122776,76.50929831462807,Average
synthetic_avg_0002,2,78.12379452024123,78.14205736685943,0.10362169831403435,76.3106638383684,Average
synthetic_avg_0243,243,80.10326453455316,85.09244843342815,0.048395319769657025,77.34653883195156,Average
synthetic_good_0044,44,123.97356944144148,97.78613925523167,0.014405959194274176,93.79568853941355,Good
synthetic_avg_0090,90,95.03057853890499,72.97807855996808,0.048593697941730324,86.77391020505556,Average
synthetic_poor_0139,139,58.27879875968342,61.717837681932615,0.24375756440331822,48.67126316597593,Poor
synthetic_avg_0148,148,107.6386769794367,76.87418262770542,0.06445167163836335,75.28990351052286,Average
synthetic_good_0208,208,104.24325579661122,89.86724573569377,0.034065385113802804,93.83035805924364,Good
synthetic_good_0198,198,111.98688161690329,97.67539151682155,0.017861931490011657,85.71865230597543,Good
synthetic_poor_0068,68,59.17873677350797,47.92003673786997,0.3575125419931438,60.69725632898956,Poor
synthetic_avg_0216,216,107.99787573395243,73.30122840231931,0.09490104291738273,87.93782808374283,Average
synthetic_avg_0028,28,107.87355166807683,81.34302588879058,0.08386805529364033,77.44500903995005,Average
synthetic_avg_0149,149,93.38592560960558,74.23431759689623,0.07338781901693117,81.72171696556379,Average
synthetic_poor_0026,26,38.77436565334815,54.64167591170184,0.26241332989139227,71.13564357775569,Poor
synthetic_avg_0283,283,98.38117883163156,76.39111676210668,0.09185637512992464,76.38151112584502,Average
synthetic_poor_0226,226,67.28659460837692,54.451487069715995,0.17788551472681785,56.21246929564237,Poor
synthetic_avg_0014,14,92.36122944531293,76.34261324242453,0.09405034254672248,74.26162471889413,Average
synthetic_good_0136,136,107.31277030832685,83.50732769662241,0.055352180967120815,86.44193711785411,Good
synthetic_poor_0243,243,45.63654901374561,50.87326656936581,0.24599615119075702,36.78818478265997,Poor
synthetic_avg_0061,61,96.591951920291,84.64705302086408,0.10966916979881293,76.03143931614149,Average
synthetic_avg_0193,193,78.8176024391852,75.5059829846025,0.07909390390012012,74.5421640201726,Average
synthetic_good_0060,60,132.0067490003928,92.8054891407058,0.04224183897613886,96.1946928508768,Good
synthetic_poor_0064,64,55.35411237218239,63.2627235443693,0.34749015723097537,65.19412741140331,Poor
synthetic_avg_0225,225,79.40459873750598,81.37637102264081,0.06071316903398409,76.38112767407301,Average
synthetic_good_0174,174,143.9105991827291,84.57776584220461,0.03362684847960714,98.59316230950786,Good
synthetic_avg_0236,236,77.67959089661457,74.2386597425017,0.1467405967580706,86.11217228475363,Average
synthetic_good_0066,66,129.88234569036138,86.00123299864036,0.05449723256275926,97.42879219858777,Good
synthetic_poor_0220,220,29.181253272156013,45.37086200230422,0.2244305479233499,70.61645163785688,Poor
synthetic_poor_0177,177,63.4964210533423,72.45366392034978,0.1924522235257172,62.38540416423639,Poor
synthetic_avg_0081,81,104.10095708439222,86.82682824897655,0.04864978229501145,77.04482556110467,Average
synthetic_avg_0185,185,79.38178890041384,77.3030308106169,0.10338489394611763,79.07663051002659,Average
synthetic_good_0218,218,106.80616867126636,83.33132892264832,0.04698891420194472,94.44696012161872,Good
synthetic_avg_0275,275,105.65832339586277,75.78082359258836,0.060059902771677574,89.16735615158376,Average
synthetic_avg_0046,46,78.11700345666301,71.7637383415167,0.09215873390372213,72.60374835598364,Average
synthetic_avg_0245,245,84.0608755842232,73.12465520150936,0.10597041685215598,71.82407652445443,Average
synthetic_poor_0200,200,59.688616102198516,69.14363635975748,0.3175630108508296,69.50633746951611,Poor
synthetic_poor_0209,209,41.95012061767177,48.88877951574868,0.20490059462702395,45.44507154441686,Poor
synthetic_poor_0178,178,35.85225449122363,49.556949064328634,0.31883248876718345,61.903660725474495,Poor
synthetic_avg_0098,98,90.75819582290629,73.95026208640012,0.054407409219375785,73.20583420587046,Average
synthetic_good_0076,76,140.61322395781002,82.06031258755878,0.04403764558747366,98.13113229165008,Good
synthetic_good_0196,196,116.88974333448544,84.0364546979862,0.055130263409984316,94.40337760985452,Good
synthetic_poor_0031,31,49.757581152350824,47.29678373293272,0.3327034067221118,39.727750889940395,Poor
synthetic_poor_0151,151,26.751550185542012,50.549177770244626,0.27477948408527375,39.34648797547894,Poor
synthetic_avg_0270,270,84.78308361607827,78.46878367725513,0.10885566437921287,86.65557307263745,Average
synthetic_avg_0105,105,97.26330843200137,76.51489016428228,0.09706802182330417,84.78065898962784,Average
synthetic_avg_0212,212,84.53096629391524,82.14304089074516,0.09849435533666197,79.41482394884537,Average
synthetic_avg_0038,38,100.49734656049006,74.7983054174728,0.06572501438876399,75.45499868223739,Average
synthetic_poor_0295,295,51.813745547943675,64.62406734995754,0.2810876480034979,51.19541677796347,Poor
synthetic_good_0227,227,123.3058644777564,93.24691591968678,0.033458612192903206,96.39270232637296,Good
synthetic_poor_0069,69,35.82750347816695,58.37117752166686,0.39337499006072035,47.522878391936565,Poor
synthetic_good_0204,204,114.12795731563327,97.89896795048153,0.0045964352761220465,87.24683970959629,Good
synthetic_poor_0145,145,32.185383015715466,50.93638663582508,0.2839791022069284,69.83167812233607,Poor
synthetic_good_0192,192,153.11822199783933,89.38617866988365,0.046181398141866635,95.95389527374132,Good
synthetic_poor_0274,274,63.20675615317799,62.15900115447496,0.3427257009052145,42.366752017204625,Poor
synthetic_poor_0194,194,54.7732820477133,59.8019044538991,0.37333243635548957,53.16645176026814,Poor
synthetic_poor_0174,174,64.94780221664797,65.90431774746578,0.17700216172594854,44.16167866700021,Poor
synthetic_avg_0181,181,86.12587859194416,75.2070143848923,0.06189606411700659,82.3194701888949,Average
synthetic_poor_0234,234,69.83327519762098,52.75007735828485,0.2916646315107177,58.37301090399192,Poor
synthetic_avg_0165,165,87.63684339226751,79.8953236509375,0.14826824525477802,85.3619082535763,Average
synthetic_poor_0207,207,62.35828096874695,52.687841985637384,0.27892239651386463,63.260373352539176,Poor
synthetic_poor_0285,285,51.231839549408974,64.3918811031308,0.24036012836567555,36.85091761784528,Poor
synthetic_good_0096,96,147.0692117359882,95.17809703584967,0.04513130927035994,86.4033016615135,Good
synthetic_poor_0291,291,40.483513121746725,53.80141515300026,0.28235650154752,59.1641987338506,Poor
synthetic_avg_0026,26,83.39540192168427,82.62953299968949,0.1442474412404774,87.98435297532444,Average
synthetic_good_0294,294,133.3707773576284,91.74858264007244,0.01555591224384137,81.40056487490428,Good
synthetic_good_0210,210,154.06272751377625,87.47881765126685,0.03439291245974175,83.83687632668378,Good
synthetic_avg_0140,140,104.7381829574613,79.89425682460916,0.08139348035583102,70.7095504114128,Average
synthetic_poor_0183,183,71.61171738242389,52.412386291923696,0.3754127412960145,53.1182085643897,Poor
synthetic_good_0078,78,99.50499401998738,81.22771347951002,0.03339966554305374,93.16963256756497,Good
synthetic_good_0265,265,145.65816423932327,94.15565983379228,0.06093944440335827,82.42160523936117,Good
synthetic_poor_0229,229,67.03713293610159,56.747862797971166,0.23818058057743427,40.46804774201868,Poor
synthetic_avg_0128,128,107.64322046496527,79.24118642086547,0.08371919936979187,74.99467361664725,Average
synthetic_good_0141,141,124.17696013623471,93.57362089914194,0.028273260798130254,84.42102221176694,Good
synthetic_avg_0282,282,84.61842993694611,80.15063883120717,0.06932115608523937,80.05966125691805,Average
synthetic_poor_0143,143,60.428251683582545,59.985677286966435,0.15964553179373048,65.73707149610512,Poor
synthetic_avg_0063,63,81.98108813348577,75.61835133497034,0.09897812189032032,86.08153381371956,Average
synthetic_good_0065,65,141.62641059542798,90.66120325716581,0.023767889074897675,83.35785150214595,Good
synthetic_poor_0189,189,54.82124799422116,66.15980792116663,0.2788494985173987,42.34179017312168,Poor
synthetic_good_0291,291,130.70906957175023,97.6314801949513,0.036494795715596856,85.641683872828,Good
synthetic_poor_0003,3,40.5312385258804,65.5801977528445,0.3257596500346621,72.74793933962252,Poor
synthetic_poor_0257,257,61.94314837799513,63.130892005253045,0.3602444776156359,70.57985494848205,Poor
synthetic_avg_0186,186,86.85310816404717,80.27191490616683,0.062032979591620345,71.40522135897974,Average
synthetic_good_0235,235,102.76040516030567,82.39091082148971,0.021258228568463548,84.68490253752226,Good
synthetic_good_0250,250,106.30259313157771,86.70571075286564,0.02084207110609266,87.66730808398015,Good
synthetic_good_0049,49,124.02894006388219,87.61712002729902,0.039813812706429114,98.03408490348674,Good
synthetic_poor_0057,57,71.75242643701162,55.26532474581096,0.29682822032996314,36.110915273957886,Poor
synthetic_avg_0009,9,100.05897228307553,82.14717515408394,0.0596615551990784,86.2513280658121,Average
synthetic_poor_0109,109,70.5710904398508,64.10426652180533,0.34923274446093666,60.18412523686984,Poor
synthetic_good_0275,275,114.65346103595589,83.97900112389958,0.04982954536778357,89.69362315458282,Good
synthetic_poor_0294,294,60.83736511003831,54.32078242541745,0.3738797361484113,63.97819134604508,Poor
synthetic_good_0165,165,145.17150512357185,96.10618904073927,0.021460018271628002,93.5647357890592,Good
synthetic_avg_0213,213,75.58877149395744,72.8749369092368,0.07218873870754103,73.80798220945248,Average
synthetic_good_0033,33,105.99469288563253,83.23458138106756,0.005560608570356219,93.1245764202948,Good
synthetic_good_0031,31,128.15819918223892,84.14141944027934,0.06351946165163666,82.51256827610081,Good
synthetic_poor_0073,73,39.56901421786661,53.522750849207405,0.26161698913593134,58.140060880867864,Poor
synthetic_avg_0104,104,95.3242931008229,73.74882414603266,0.0559245930293934,70.87361925323228,Average
synthetic_avg_0218,218,94.01733842596015,82.44813426901247,0.05742279009815637,80.88424537297008,Average
synthetic_avg_0130,130,100.69049767081053,82.69375065102726,0.08747193253753793,66.7518271356431,Average
synthetic_good_0109,109,121.16419293033292,84.60261377832767,0.03138888974009356,95.80534513994746,Good
synthetic_good_0077,77,154.5585494534124,96.61058523437143,0.030144626192754657,97.93961639902362,Good
synthetic_avg_0112,112,104.3547713066096,74.18372941899344,0.1106407777572661,80.12388182985995,Average
synthetic_avg_0012,12,80.7763793051553,82.46845334992412,0.0968756351813043,82.64905174179506,Average
synthetic_good_0082,82,116.56437319028237,97.99793316853935,0.016095097610327364,85.11202559892686,Good
synthetic_avg_0021,21,108.88486200585906,82.18998671376386,0.12144914545711276,75.6257882287482,Average
synthetic_poor_0049,49,36.50117825606253,65.316191657399,0.29512668180271906,50.55244423048936,Poor
synthetic_poor_0093,93,53.57508413227338,65.47421312943895,0.33442806378743667,57.83444433015925,Poor
synthetic_avg_0060,60,105.26884605937325,83.86940991544306,0.051757621182124465,80.79991192663061,Average
synthetic_avg_0187,187,81.36079590045229,73.793388991553,0.13430921622805306,75.8356048460444,Average
synthetic_avg_0164,164,77.87886754166252,79.8833156175272,0.07975576632788002,84.34004495385183,Average
synthetic_good_0005,5,124.85808694043598,95.6643988069233,0.02434214572545553,93.25532138676164,Good
synthetic_good_0054,54,145.9206099586083,92.42173669036211,0.02026345017596102,95.61000428531335,Good
synthetic_poor_0134,134,67.8528642191945,60.580356801148874,0.3444132464741024,43.403155638850784,Poor
synthetic_avg_0162,162,95.74962907355732,81.6106951366694,0.14085900110183608,74.07699440000695,Average
synthetic_avg_0023,23,93.55844432457657,85.56582053569679,0.14058343194951706,89.79630809508106,Average
synthetic_avg_0067,67,104.49929452212024,84.35189725196476,0.11962970572295792,77.92480541937535,Average
synthetic_good_0097,97,118.47139109481212,93.48624060236796,0.02854163680887586,83.76092140128898,Good
synthetic_avg_0144,144,91.01076236137486,74.57916769374258,0.06618589012238772,69.60365463206004,Average
synthetic_avg_0276,276,78.44746436257796,79.08944843975749,0.08918763308985463,75.99436389192931,Average
synthetic_poor_0297,297,40.955727761304985,67.12135901155501,0.3595381614982211,37.59609617660969,Poor
synthetic_avg_0278,278,76.47576139119465,82.31288065428886,0.10366414723338728,81.76765893556087,Average
synthetic_poor_0179,179,39.97852094041686,47.6813615648514,0.3908738601112454,59.323941209918154,Poor
synthetic_good_0025,25,108.42072446351719,85.81037384033431,0.030408659911616336,88.83643350049083,Good
synthetic_good_0084,84,104.57505553683137,80.97912962420142,0.04413501008126583,86.18816437032979,Good
synthetic_good_0010,10,143.77823224503194,81.79078632914427,0.04577642343971492,84.59908964262915,Good
synthetic_avg_0034,34,91.15955396783362,74.98892182275122,0.13342179021750408,71.6038965696722,Average
synthetic_good_0244,244,121.39301214616323,84.90788529745446,0.06302165386115711,87.85024362789392,Good
synthetic_poor_0078,78,70.42838259823255,49.072263170934235,0.3332320658344703,61.20545062548296,Poor
synthetic_avg_0006,6,76.91469602770213,78.47662937438967,0.14427967091776006,71.94382402587901,Average
synthetic_avg_0291,291,101.08237046333585,82.0519449558662,0.053886374813024746,87.76996627497023,Average
synthetic_good_0118,118,126.72885565852239,90.23668422234708,0.007935373375704404,98.9839567568517,Good
synthetic_good_0290,290,107.51068150283469,94.60738230517683,0.0,91.51406951183714,Good
synthetic_avg_0016,16,85.69659907960911,75.19852524295031,0.1300046644620665,80.65623018941515,Average
synthetic_good_0029,29,142.0446873559579,95.0296226934205,0.002903220617226054,91.5281398685946,Good
synthetic_good_0055,55,101.43670141578495,82.48097884925109,0.04721618206387967,82.66668573562683,Good
synthetic_avg_0117,117,106.09358978471079,80.73801160793184,0.11497353011922196,87.9729549511766,Average
synthetic_avg_0299,299,100.01549489496695,73.33219837886924,0.1514633384951231,80.93822827649825,Average
synthetic_poor_0250,250,35.34863847412436,64.23524668688667,0.22459281266445363,43.0399148185932,Poor
synthetic_avg_0068,68,98.9652031138898,77.26375001423953,0.1066830740959921,80.02064810247845,Average
synthetic_good_0081,81,146.32605301474928,90.97939804983648,0.015539883840192736,85.87084062474658,Good
synthetic_poor_0029,29,43.666962696106154,71.19067794964138,0.32382690219625115,65.66749236287158,Poor
synthetic_avg_0075,75,97.19782950566695,84.27005049819816,0.08846433920909055,80.65031768290793,Average
synthetic_poor_0262,262,55.25863972476285,44.32967691444595,0.18332555664461436,66.55029494989518,Poor
synthetic_avg_0126,126,77.16599470316748,80.93988799487344,0.14203719918233515,87.07081991422903,Average
synthetic_poor_0187,187,40.92560608374791,66.28266198194706,0.31484787622668936,41.10223450214282,Poor
synthetic_avg_0269,269,83.81835726775336,87.08142894801495,0.0723001304868211,79.31461824127405,Average
synthetic_poor_0097,97,53.39182349997205,67.1217756043473,0.2284791806493631,37.23330427968556,Poor
synthetic_good_0286,286,110.65525686180968,87.51224590141928,0.036612878149675024,97.33248153768405,Good
synthetic_poor_0114,114,62.23416001115978,73.57357811601362,0.25110101230376886,41.13543627627427,Poor
synthetic_avg_0239,239,90.62994760571986,73.56047301788477,0.08766433405410669,77.30988106247358,Average
synthetic_avg_0057,57,100.10103881822675,75.532275172787,0.06243579284066963,77.40020355905116,Average
synthetic_poor_0168,168,58.05136167480824,55.15584714627076,0.21194938601856972,40.2269931319967,Poor
synthetic_poor_0245,245,46.69914335254782,71.61442816295454,0.22889274576033106,48.86962577391352,Poor
synthetic_poor_0118,118,50.1958082993645,60.86456900244352,0.28322226063895434,44.71149844856536,Poor
synthetic_avg_0094,94,95.24452635423535,75.68656962318855,0.12945390594376888,87.05480400944731,Average
synthetic_avg_0200,200,98.9733817556292,80.08503112908443,0.10533598589382867,86.06931535227098,Average
synthetic_avg_0065,65,74.41855746031001,82.82192640133445,0.10984681570682124,80.98577232830637,Average
synthetic_poor_0130,130,58.57713686909235,52.80882576786329,0.41567793001845016,53.69051113438372,Poor
synthetic_avg_0182,182,87.46709932375998,82.66065408763319,0.11718443025962902,80.64171714544494,Average
synthetic_avg_0109,109,77.28346993426338,77.12204659094654,0.09609921498411311,82.39947964715132,Average
synthetic_avg_0173,173,96.1822426993185,79.9921867750808,0.10438010550359278,69.77123111793227,Average
synthetic_good_0292,292,104.89941295606901,96.92553824506156,0.03967144987133138,92.0487760310798,Good
synthetic_good_0007,7,109.93124686387276,94.14686492053477,0.03223974123894245,93.03482661704837,Good
synthetic_avg_0151,151,78.44766241925736,77.93712164023708,0.04054559052421662,86.62930142522703,Average
synthetic_good_0155,155,143.42077896506586,91.59080666874908,0.00527026094761303,86.31801576465163,Good
synthetic_avg_0051,51,82.59586562896624,81.65282959944305,0.05717664509110355,76.69178817398394,Average
synthetic_avg_0129,129,107.41525854399345,78.70198384741566,0.10839847050707602,81.1981731556516,Average
synthetic_good_0101,101,113.90614814756943,92.27991446407513,0.03088372524278072,83.78412078147971,Good
synthetic_good_0199,199,142.43230572544815,93.46842870900599,0.005402251138788266,98.42383422894042,Good
synthetic_poor_0013,13,36.71808303810766,56.355690088047574,0.15041338406598814,56.45091757506152,Poor
synthetic_avg_0228,228,103.8072684128859,81.5189444205153,0.10438301268480898,72.91213036027217,Average
synthetic_poor_0215,215,31.455647184840963,51.88311521956641,0.1649183817286949,44.03145588236596,Poor
synthetic_avg_0080,80,78.45688838092435,82.54902414695535,0.07709383351601623,79.75083911754524,Average
synthetic_avg_0000,0,101.15620094678245,81.36611127208445,0.12354531130744972,80.63101281958772,Average
synthetic_avg_0116,116,80.61985091518312,78.31934834072403,0.15803408693081605,88.64081390641483,Average
synthetic_poor_0278,278,65.03787252802536,54.087138072233344,0.20186258112780886,49.17483450855958,Poor
synthetic_avg_0019,19,81.70696811795308,79.96660836112008,0.07578534254483064,77.60969878533032,Average
synthetic_good_0002,2,129.0638393846274,95.16720988540193,0.04208061668310272,97.29937416721525,Good
synthetic_good_0254,254,147.28451755189502,92.34255030446904,0.028441629610417,97.36561183478364,Good
synthetic_avg_0207,207,79.37234992022884,81.99091758455249,0.11392781622171598,84.41786229690479,Average
synthetic_avg_0199,199,90.40045572432123,73.53289158352325,0.09752644801838174,74.38575608471679,Average
synthetic_good_0266,266,101.46035235435498,96.88888953701434,0.047420856726220054,87.00046387073382,Good
synthetic_good_0158,158,123.83552514188113,94.1167649741615,0.015692602595311758,91.49193298867294,Good
synthetic_avg_0221,221,100.07871446645484,74.68423129083965,0.06357048159726943,87.23527067331233,Average
synthetic_poor_0236,236,73.63710441325802,56.33510793015006,0.26198568041245524,60.21015909020639,Poor
synthetic_avg_0267,267,90.81019241010944,74.95229994130005,0.14057641374277302,71.81795105773516,Average
synthetic_avg_0032,32,98.43547263093744,77.65436499538443,0.08817333672925705,89.5761400041369,Average
synthetic_avg_0132,132,94.97981139741893,82.33494565550511,0.12922651617500852,85.15010040606727,Average
synthetic_avg_0005,5,94.65349513256061,77.98745041335974,0.12152128590549008,81.68040172371887,Average
synthetic_avg_0136,136,83.66455581612833,84.73658030165397,0.11110828874440368,75.12283941032696,Average
synthetic_avg_0226,226,82.74713647259507,84.10839978835928,0.12350070775074375,79.96827843157172,Average
synthetic_avg_0108,108,78.80939928291575,85.06156912004707,0.11759414727547525,69.42411546323699,Average
synthetic_poor_0293,293,54.430928603863066,54.883748853742006,0.26363018546118894,54.53667638245363,Poor
synthetic_avg_0059,59,93.3055043153043,73.8589781281153,0.12515924387487679,74.93611173414554,Average
synthetic_avg_0285,285,98.61108660219661,76.29048334948314,0.0848891704204799,69.10576880759396,Average
synthetic_poor_0055,55,50.08978045651612,63.597394782007406,0.15246105793511927,70.53229761811743,Poor
synthetic_poor_0059,59,31.037442151307154,67.05162618552758,0.3120931535129513,43.628568286096765,Poor
synthetic_good_0212,212,120.00990770510697,91.4466696477412,0.0,92.58396794988155,Good
synthetic_poor_0228,228,33.88633057801467,67.47123232744462,0.3072790751206313,60.11961347144239,Poor
synthetic_good_0079,79,141.73946097093165,81.86245415508311,0.03511060429466603,82.47537217055245,Good
synthetic_good_0148,148,129.8618732767451,97.9593637190413,0.0,88.76273961945834,Good
synthetic_good_0259,259,147.82058472424185,80.7866128741213,0.021723475382151993,94.03445210992206,Good
synthetic_avg_0294,294,98.65228838071059,85.36162558757971,0.06022462053856477,80.20019412369633,Average
synthetic_poor_0242,242,50.128943561757204,59.90341081013977,0.16446021988303922,59.64927678594387,Poor
synthetic_avg_0082,82,106.32473701551451,84.92198490007785,0.11866944067361603,76.50223084027122,Average
synthetic_avg_0183,183,105.19448354928754,77.2573716404161,0.10870409171407634,82.24123517934302,Average
synthetic_good_0133,133,112.62478117676932,95.34855424087401,0.052483488201481715,94.39914728885302,Good
synthetic_avg_0168,168,86.0187834664638,75.73767901713771,0.1130829764827609,85.01278523934435,Average
synthetic_avg_0248,248,85.78987494832569,76.81981371672823,0.12488988070456883,78.12339301430772,Average
synthetic_avg_0206,206,98.9075479617063,83.38527192385095,0.10917174547727208,76.04747111019158,Average
synthetic_poor_0053,53,37.41059748139723,64.83620907366543,0.207888847536768,48.148026378246215,Poor
synthetic_poor_0038,38,54.729990367174516,56.9506293337716,0.17094425901171112,60.070661686250865,Poor
synthetic_poor_0152,152,51.41742350229948,55.67793076859448,0.17707757334086627,53.15940477948825,Poor
synthetic_good_0281,281,144.6855375611302,82.80926542113588,0.02390547741994121,93.10198561384996,Good
synthetic_poor_0087,87,33.97315742849145,52.562641288019876,0.18280565096781745,42.241358271951846,Poor
synthetic_poor_0105,105,67.8473877618182,48.24302767952739,0.34711925171492886,68.13653327557773,Poor
synthetic_good_0296,296,101.81901322608125,97.59536512450646,0.0188796228904486,91.86140084936685,Good
synthetic_good_0172,172,128.6587404930305,90.6982257997175,0.031282520496612364,98.79303721740378,Good
synthetic_poor_0263,263,68.36318650048094,65.25310482039194,0.3461723236934079,60.41136392655198,Poor
synthetic_avg_0167,167,82.66813542954614,82.29414560372841,0.05565600279785535,81.39481700149491,Average
synthetic_poor_0212,212,70.59712644311162,63.287999829175774,0.21341937557540064,43.951698730410506,Poor
synthetic_poor_0208,208,51.218833895092914,55.67107464543005,0.19501986141278968,38.38124984496901,Poor
synthetic_good_0090,90,101.256605961212,89.72583048000087,0.037338509116987564,86.50084092694202,Good
synthetic_poor_0241,241,48.91081157132467,60.67483399827299,0.1890706255434668,56.78286022355288,Poor
synthetic_good_0181,181,140.82312123298468,95.59323131914616,0.0,90.18762039491521,Good
synthetic_poor_0261,261,65.93967553593495,72.32487188514656,0.22209823565026057,46.16489196435723,Poor
synthetic_poor_0202,202,54.88824606445135,55.71207213498688,0.366923762244814,37.35905239059767,Poor
synthetic_good_0069,69,102.09664117377736,95.86891300786408,0.03768205516331638,94.51153066556238,Good
synthetic_good_0131,131,119.40846548137257,87.64427654652285,0.0,97.48092628860134,Good
synthetic_avg_0298,298,89.53532538255779,77.10481750362277,0.11434303819081283,87.32039684812462,Average
synthetic_avg_0177,177,106.86420190478825,79.65892029293309,0.11501212820476757,75.25342387929132,Average
synthetic_good_0135,135,111.35240676736768,94.80256802839048,0.0,96.92786230628184,Good
synthetic_good_0164,164,139.42613785217299,91.8520314427588,0.05450771027179514,83.5537218920274,Good
synthetic_good_0028,28,130.8007523656559,83.83009313245387,0.03773422934664783,90.25681582591173,Good
synthetic_avg_0197,197,104.52510868060196,81.13652252520707,0.10176091866050208,81.41646823776195,Average
synthetic_good_0193,193,145.14815038796385,83.04288137174821,0.03171844589943677,88.98188556104297,Good
synthetic_avg_0011,11,81.88032037728307,74.9208128256673,0.11162720488524035,80.5793277242572,Average
synthetic_poor_0123,123,72.48051010093268,45.62796337201875,0.17119931168590577,55.577694729052055,Poor
synthetic_poor_0040,40,58.003891427042475,43.513966184698184,0.15380891985931555,35.34996886069773,Poor
synthetic_avg_0237,237,103.19019425873836,73.41860844417631,0.05905434027446522,81.26217297334915,Average
synthetic_good_0140,140,126.28763748673549,83.60219733293061,0.024703877488406,94.1220220218242,Good
synthetic_good_0173,173,110.98041372055002,99.42291771853782,0.05683613505882124,96.52398847314353,Good
synthetic_good_0006,6,111.09631974036431,95.53772237879203,0.0407115666357936,88.38433563624844,Good
synthetic_avg_0281,281,89.53724296464142,77.70221864928479,0.08154238646076707,86.71672651474134,Average
synthetic_avg_0077,77,82.68723555372036,78.3143726692656,0.10720931809022453,89.47590204458015,Average
synthetic_good_0073,73,114.74223809402066,82.51008501879983,0.043131224906120764,99.71317431069883,Good
synthetic_poor_0018,18,27.854952209690722,66.23773970544883,0.3237518421137779,44.06214918481849,Poor
synthetic_avg_0031,31,85.92360959396399,83.56099825659989,0.10702718112363112,85.50440602411953,Average
synthetic_poor_0286,286,70.03787757182087,50.84747852250479,0.306433675388434,36.85445145332325,Poor
synthetic_good_0145,145,122.0779639920263,84.69227121707395,0.04853997075810382,82.79934873245426,Good
synthetic_good_0234,234,102.1556479131187,85.17894561205651,0.019862434013297355,81.84105928290079,Good
synthetic_good_0220,220,143.9784707832452,86.67259523885477,0.04396519327744833,91.81482012770131,Good
synthetic_avg_0284,284,109.55295482826791,74.33600379962134,0.12932149218151456,70.8287519839416,Average
synthetic_poor_0203,203,25.854278206825814,61.066479489671984,0.19352509280958158,61.89826237152014,Poor
synthetic_good_0132,132,125.62537671064246,94.23156229265943,0.0361657358493379,90.97175481479633,Good
synthetic_poor_0142,142,31.910147840235137,58.03282480449549,0.3681442467027829,65.26926316438136,Poor
synthetic_avg_0027,27,103.89252038036592,86.39410471993689,0.09772026485522466,82.16838263670596,Average
synthetic_good_0185,185,135.8650637964971,88.6241560771892,0.048928660181225866,91.74478194041774,Good
synthetic_good_0041,41,147.44514503976916,92.95637933176761,0.04719681115197883,96.87460740386271,Good
synthetic_avg_0251,251,109.4560798502336,74.26114273988937,0.09836149676493919,74.91101762586615,Average
synthetic_good_0108,108,122.32056739203293,90.23493318504163,0.034297322666640796,90.84514614586371,Good
synthetic_avg_0125,125,87.23813109333352,81.6958172982907,0.12034640979351588,80.05394029072275,Average
synthetic_good_0056,56,152.92006996044924,94.26142866205792,0.03615439826716246,96.62221203063297,Good
synthetic_poor_0002,2,51.24051023860481,63.64039631139763,0.24387820236102514,57.69781642705356,Poor
synthetic_avg_0050,50,97.26521786771863,80.19775208421225,0.05085582501285914,76.27766449627217,Average
synthetic_avg_0201,201,108.01050210519557,81.10877715175538,0.11542137483127946,78.20490751531602,Average
synthetic_good_0024,24,107.8558564326432,89.92955614126826,0.02183605434745091,97.54154001689537,Good
synthetic_poor_0065,65,60.56604418054238,47.87032847240796,0.3500079291562892,42.422337696912386,Poor
synthetic_avg_0133,133,87.54829610319827,79.0796223618382,0.14439895899132668,81.67780678379263,Average
synthetic_avg_0139,139,104.19822536658988,80.87876715147628,0.09640179604332785,74.78215501859302,Average
synthetic_good_0051,51,108.16136727915035,84.5806558770695,0.038046948400072514,83.33115590909532,Good
synthetic_avg_0111,111,85.96004406877648,76.71005156831191,0.12957522958689666,81.79173665946628,Average
synthetic_poor_0223,223,71.43851607699025,53.90297234492707,0.2531791959420295,38.83033182842582,Poor
synthetic_poor_0120,120,62.05311150024124,58.78190844015989,0.3243239245752125,47.02341966205046,Poor
synthetic_good_0264,264,128.30629534128462,94.67568697791684,0.05131571052055243,89.09147677104127,Good
synthetic_poor_0092,92,49.30752399654799,46.371492802217695,0.3823398038660744,54.88322173347458,Poor
synthetic_poor_0017,17,34.8249359256526,55.320564394836936,0.19912415258590138,60.89767323251584,Poor
synthetic_poor_0103,103,69.9713929389282,46.981475011093984,0.38014921554823417,40.00730239189609,Poor
synthetic_avg_0055,55,88.24502782888806,72.20899657717077,0.06559559546106229,77.18810913225686,Average
synthetic_good_0018,18,117.61325896357084,88.81139703525616,0.05036275828888819,82.69050479473906,Good
synthetic_poor_0244,244,73.9107148168801,62.18124133048524,0.3506344935188798,55.83660517672678,Poor
synthetic_avg_0042,42,80.49235502596959,84.70887354698758,0.11628740116534808,81.77607547258901,Average
synthetic_good_0083,83,152.96072891773858,91.7699915010799,0.06415705068191352,86.65170202968827,Good
synthetic_good_0061,61,123.73750932843735,88.10513696514198,0.04465994219979926,96.65174036513403,Good
synthetic_good_0272,272,135.1907286952046,97.3292688515005,0.012821126758030755,92.41838685758579,Good
synthetic_good_0285,285,118.35339493125376,90.52529490145362,0.04200075237141576,83.4672003321566,Good
synthetic_avg_0062,62,106.72511623014337,77.64523077018852,0.04342825414417424,66.83712012314813,Average
synthetic_poor_0289,289,27.519324015798997,61.671126430961216,0.2910082645698392,43.59824409417591,Poor
synthetic_good_0012,12,104.99445437522613,95.17907246828163,0.022448339176501502,95.56628781615333,Good
synthetic_good_0182,182,119.58328367711857,91.46175077983406,0.027108922151157885,93.6453643219327,Good
synthetic_avg_0088,88,103.75944237189525,70.42186400900466,0.09377010055327142,71.68729311146924,Average
synthetic_poor_0121,121,51.555680141807514,68.17987925117643,0.27432859502592705,46.70238199824431,Poor
synthetic_good_0223,223,135.95661441072116,88.93299491084605,0.009413323814280113,93.26975556391318,Good
synthetic_avg_0258,258,85.43830223297057,78.5161780086311,0.1443069247338663,77.9093691924392,Average
synthetic_poor_0033,33,52.979366270206135,54.38871870477106,0.37102090523339204,46.6590387394862,Poor
synthetic_poor_0044,44,73.59169685730762,53.91775513657764,0.2488708931130234,46.86319781115439,Poor
synthetic_avg_0230,230,94.3815471681657,75.37646804304921,0.11147509998768772,79.40135983887694,Average
synthetic_avg_0227,227,104.45317660954682,80.96394390097512,0.13216081999171467,71.26213151689612,Average
synthetic_poor_0036,36,69.45928468734189,59.948245114973375,0.27668954647307503,37.11763266356489,Poor
synthetic_good_0176,176,141.51910619703247,99.10704226796898,0.004421621376118308,88.08659303030043,Good
synthetic_poor_0004,4,40.00713200210888,53.32781773086827,0.25716720431749407,52.77044093296456,Poor
synthetic_avg_0146,146,101.26914702512937,75.62373729824135,0.15392844824440885,76.28983883022863,Average
synthetic_avg_0120,120,103.04587533019391,75.9685088259653,0.05690127110074256,71.98953495826359,Average
synthetic_good_0163,163,100.67669043629566,87.25660650166213,0.026504633352462496,85.66688774603183,Good
synthetic_good_0248,248,147.7193792446909,83.9120283498995,0.04367750544907787,86.45257932074126,Good
synthetic_poor_0140,140,45.414423226200036,59.02093577333631,0.31354210581311,67.94751516015286,Poor
synthetic_poor_0193,193,31.365839685245355,57.48227241073447,0.256522688007057,39.623374913608835,Poor
synthetic_good_0074,74,125.88404704807087,92.83836300272503,0.05632377881220212,96.94041773613682,Good
synthetic_good_0113,113,109.44606554399896,87.0938222987919,0.046582633854148486,90.06524749595319,Good
synthetic_avg_0214,214,88.73159602734152,75.6571657538864,0.08913311001874345,76.4481512749482,Average
synthetic_avg_0195,195,79.67830766346304,76.75819222033243,0.1404478260377594,81.17141567523603,Average
synthetic_good_0104,104,121.49577954424304,95.63151387661254,0.042320916006813834,96.6629323868584,Good
synthetic_good_0114,114,113.46143159577719,94.61690456619472,0.046502143343780306,88.52457975139244,Good
synthetic_avg_0150,150,90.69860871904613,84.38616443077578,0.0749441121947495,74.74525432799122,Average
synthetic_good_0092,92,123.19655753472776,95.31499089405432,0.007945737231204173,88.29348474597414,Good
synthetic_poor_0197,197,51.99222910662281,53.42995809156311,0.32640088863545563,55.94512728825791,Poor
synthetic_good_0089,89,151.54754115773179,79.17673147429834,0.0,91.9268536576042,Good
synthetic_avg_0036,36,86.38472783987835,72.87203261584695,0.12942126323803801,76.67516259239221,Average
synthetic_poor_0288,288,63.588072547339415,48.71412672033212,0.320195410282062,45.84883922376494,Poor
synthetic_poor_0224,224,68.60722692923048,57.968344934798075,0.3526525604033288,62.136049756184306,Poor
synthetic_poor_0235,235,55.63237877779401,59.172439059073554,0.25439452565672704,56.48434387714645,Poor
synthetic_avg_0247,247,107.42102844322503,80.21938783537944,0.11896454241575675,75.1192209399824,Average
synthetic_avg_0252,252,84.54573951953165,71.15392231358064,0.10636657372475793,75.59452022565219,Average
synthetic_good_0094,94,108.01851102980113,83.31480759276536,0.0,93.42500668253,Good
synthetic_good_0011,11,109.04696241326918,88.99077218242036,0.0176921342943406,85.61833306021961,Good
synthetic_poor_0298,298,60.42540889060567,56.1648692693024,0.2897451361938847,61.70033063356981,Poor
synthetic_good_0043,43,105.69572007336893,91.95235199189574,0.029480942824024935,94.84360966816445,Good
synthetic_good_0042,42,151.96099376145003,92.45521278780821,0.04263830350678316,84.2292934373553,Good
synthetic_avg_0029,29,82.26309618038972,82.37505590561031,0.04636442518351047,79.6465020126277,Average
synthetic_good_0167,167,101.88243610847147,91.20443177984463,0.00699973118852854,85.68341760798825,Good
synthetic_poor_0185,185,42.62756107833867,58.94687699901043,0.3814095812507457,51.6793530037657,Poor
synthetic_avg_0241,241,84.9903516684802,84.30102323631003,0.07704213596317167,81.89133141789345,Average
synthetic_poor_0122,122,40.056004699264406,57.73153748201766,0.39400781240291033,39.07795857015008,Poor
synthetic_poor_0248,248,51.37530134212382,52.92905570908018,0.27011497056687295,47.690464838009724,Poor
synthetic_good_0178,178,111.77383917752111,97.57680295283484,0.04012537245733075,98.15393569289591,Good
synthetic_avg_0287,287,93.1630336534561,83.95296504146322,0.14305948403967028,77.81454364653644,Average
synthetic_poor_0190,190,24.39360358716032,52.58317151461106,0.38202256393204986,60.43899951719572,Poor
synthetic_avg_0297,297,104.36024621659946,69.01062381373423,0.06519406184587671,78.02032448722869,Average
synthetic_good_0177,177,111.75498267436453,94.86410176282142,0.012561702245530524,83.72014589815592,Good
synthetic_poor_0095,95,55.417054709717824,62.5834184053952,0.3361755418227005,46.71293918858107,Poor
synthetic_poor_0115,115,69.55141654844907,68.08359280142454,0.34951589569625613,36.71109717156761,Poor
synthetic_poor_0117,117,63.490156570564935,57.7664054451985,0.320763878035057,37.231695576970374,Poor
synthetic_avg_0083,83,82.26445196056821,76.47769467567817,0.12054029107989744,77.9448377702793,Average
synthetic_good_0257,257,115.98166425775352,89.37465815494093,0.045784870546965506,93.23889330233148,Good
synthetic_avg_0142,142,102.35552143645477,82.62349888540855,0.13136349457268348,78.44399670522111,Average
synthetic_avg_0035,35,103.8795107764875,78.15926500502128,0.04360980043471842,79.89592575852383,Average
synthetic_poor_0116,116,63.607184257927486,59.591470532197455,0.3122541522451479,50.99066127613181,Poor
synthetic_good_0015,15,104.91335111512838,84.70460814465095,0.021576028035714664,81.87130290207655,Good
synthetic_good_0003,3,142.28289201332456,90.01570215617866,0.011411474539092284,93.30657196994815,Good
synthetic_poor_0062,62,48.90070542084239,66.7571031245843,0.17267496429227164,66.22808992645903,Poor
synthetic_good_0256,256,145.06647502252662,82.5689655045455,0.021002952843587417,96.8842307489115,Good
synthetic_avg_0156,156,88.67724423875414,72.87344388537309,0.09406503316234202,75.68576775958249,Average
synthetic_avg_0178,178,81.6405655657116,84.4943929039476,0.06444278620798649,69.6443126015867,Average
synthetic_poor_0173,173,32.49452274690423,51.21344330599259,0.18605941953687646,60.31324095929528,Poor
synthetic_avg_0093,93,81.1386802028109,75.1105071713506,0.09535319610303666,81.9400646158084,Average
synthetic_good_0222,222,116.88407070213749,95.35125879631833,0.037764877815201194,91.93023862176511,Good
synthetic_avg_0229,229,79.91819599985749,78.7791841817946,0.11705036893842849,69.67001413507336,Average
synthetic_avg_0157,157,97.8986874641459,74.43889379769668,0.11198869948516882,84.79362355696404,Average
synthetic_avg_0124,124,86.19793890021364,80.47813486852783,0.07267136649279222,76.60351818435741,Average
synthetic_avg_0024,24,106.20154377449134,78.72921522345497,0.08801512094199399,75.3035623322967,Average
synthetic_avg_0234,234,94.87960562244282,80.89479965410325,0.15133594016693644,85.47346995152392,Average
synthetic_good_0009,9,103.95239190897928,87.7332281553686,0.034214627595860275,92.16499683565783,Good
synthetic_good_0249,249,125.45407467473063,89.8899770232828,0.010405548777544885,89.13427338570065,Good
synthetic_good_0022,22,151.41088652863593,96.07472236489157,0.03766151033172106,93.7358080675252,Good
synthetic_avg_0056,56,83.21219280498995,82.74959971258357,0.061755741633688764,90.54972148739778,Average
synthetic_good_0221,221,104.746685211038,88.2619311865489,0.03823935438422151,85.87184921686577,Good
synthetic_poor_0005,5,66.46071906246594,53.25904869583111,0.354028559775363,55.04358213453399,Poor
synthetic_poor_0172,172,43.44496829051915,49.68753521051381,0.24232843241509067,66.79883924987416,Poor
synthetic_poor_0283,283,68.38973231334565,70.52127344046075,0.19380070726608525,53.890535938321136,Poor
synthetic_avg_0232,232,97.4115353639052,82.37685935224732,0.13238201434421346,82.96847357210726,Average
synthetic_avg_0040,40,105.32414465186433,84.86773404212113,0.11858034924414755,80.4571965078736,Average
synthetic_poor_0149,149,32.36199021969032,58.04102876877973,0.2590851323088912,44.95310471599446,Poor
synthetic_avg_0223,223,80.7962567007055,83.10119219077221,0.11248568622419813,82.14465593913609,Average
synthetic_good_0203,203,112.2328216479376,86.9237698673487,0.05253728885489021,85.87793277446993,Good
synthetic_good_0237,237,138.07337700249133,94.50778111143816,0.027060887438965453,85.315533965726,Good
synthetic_good_0093,93,112.97778862486707,95.17591250273706,0.029885244897987526,85.23037241321578,Good
synthetic_avg_0238,238,83.37990007737008,84.16698923008012,0.10651938415057717,86.91837199798145,Average
synthetic_avg_0145,145,82.24597122354598,76.28642621083438,0.07042837282452764,88.36642260539797,Average
synthetic_poor_0082,82,51.375750961772376,50.77933566766832,0.3212535687911894,67.68977481335561,Poor
synthetic_good_0284,284,102.29258072285475,92.11704844347118,0.04876590616311312,91.32740324488232,Good
synthetic_good_0184,184,135.05723891418717,88.67940297847522,0.051827453046557316,88.09875729144039,Good
synthetic_poor_0199,199,30.868723343053585,59.07931836504125,0.2362983355348919,49.90368658057347,Poor
synthetic_avg_0134,134,80.04891179380101,81.75836976069074,0.15268199524173048,76.9528928319287,Average
synthetic_poor_0135,135,61.20970202482254,63.463901708575435,0.2716455448674716,37.004151812821256,Poor
synthetic_good_0153,153,146.304185049455,86.45287454130364,0.022929732766051023,91.03414487529024,Good
synthetic_good_0075,75,138.51782058551436,91.2028333910453,0.05207703543963465,89.34360020402616,Good
synthetic_poor_0279,279,75.70962323707671,54.9263678229551,0.24638091119840735,66.220813672273,Poor
synthetic_avg_0254,254,80.00688435569178,78.97842444671716,0.12201113792815423,72.20337904756835,Average
synthetic_good_0277,277,101.83597348342076,86.33229974351485,0.010916037442953903,91.7085136982596,Good
synthetic_good_0068,68,109.27811956065521,80.36574681531769,0.014829703230782984,87.79173231088602,Good
synthetic_avg_0268,268,86.84858919995443,80.8476271742916,0.11116815702106114,77.42133915899969,Average
synthetic_good_0188,188,137.7344359830058,85.66341757908728,0.009739262025566787,86.89930335025704,Good
synthetic_good_0271,271,129.93320987195443,81.5275567255219,0.04713218646331944,90.10062452604862,Good
synthetic_poor_0067,67,40.35576449994442,45.110826035310325,0.2015342185758928,39.468730523730926,Poor
synthetic_avg_0259,259,97.34280153161812,79.8650846190634,0.080202112483424,78.58691296323373,Average
synthetic_good_0236,236,149.35373592658317,85.87545273825391,0.03414746612120296,84.40193742645816,Good
synthetic_good_0088,88,111.3710665542147,82.94204577730878,0.05889135181061765,90.35564036559411,Good
synthetic_poor_0192,192,67.22987915475267,53.36879760945654,0.31414982076687575,37.8824841904564,Poor
synthetic_good_0117,117,131.24191475395833,85.43988420185963,0.05699726995408784,94.18850265031848,Good
synthetic_good_0125,125,119.19347292471798,93.41108465163664,0.0,95.82587339579155,Good
synthetic_poor_0137,137,41.968096119867596,50.910847585294654,0.21052508504410256,63.27605057962884,Poor
synthetic_good_0289,289,121.78294785356044,83.77623139303454,0.010161793780647597,88.35637616733644,Good
synthetic_good_0238,238,104.66113823859304,93.53472070933095,0.02768439163223929,92.06591827365618,Good
synthetic_good_0000,0,141.00760651121726,97.14841379316894,0.0,93.70387134333028,Good
synthetic_poor_0290,290,50.10462253541175,60.966499264226044,0.3456163140499333,57.241635294092625,Poor
synthetic_poor_0001,1,38.192797922467385,62.91192583618393,0.22898362516675289,55.70879702556903,Poor
synthetic_poor_0255,255,76.34057762105192,65.84859680388115,0.32121433264958893,59.205455369564504,Poor
synthetic_avg_0095,95,106.48383054181748,72.10799117297526,0.051949297729264286,77.92917079738481,Average
synthetic_avg_0235,235,93.43595495444666,74.15025519358689,0.05186488553275005,84.6554436821574,Average
synthetic_good_0126,126,137.6055979481929,99.85212467655641,0.0437619718530468,92.13933718868437,Good
synthetic_good_0278,278,118.18678385144035,94.48596868891788,0.04065545057810479,89.66744753171578,Good
synthetic_poor_0096,96,33.24904900667197,45.28450750573707,0.3179153524769151,59.12902668121137,Poor
synthetic_good_0116,116,145.4286857120174,89.4504600339347,0.01965256410662458,97.77580702528019,Good
synthetic_good_0228,228,135.12883888081606,91.65050782287763,0.03597400350890778,96.49182500094372,Good
synthetic_poor_0213,213,69.3279973602747,58.796382966596596,0.33289059649144537,64.98044159773585,Poor
synthetic_poor_0060,60,28.911720247738234,61.627927846414686,0.14758134560866776,61.793906359092745,Poor
synthetic_good_0057,57,133.3917804942728,94.05961915079101,0.008250651744186753,91.3910690920417,Good
synthetic_poor_0184,184,62.943308106459085,66.87943503069242,0.21091480653108427,55.014466941899464,Poor
synthetic_good_0274,274,150.02220545351668,85.75924972587177,0.02564874876980865,85.54328700665967,Good
synthetic_avg_0018,18,104.76997909190489,80.11612507734502,0.13418625007454343,87.89116884537377,Average
synthetic_poor_0030,30,54.0426801295157,43.04829762174934,0.3419794570440029,41.34965483347687,Poor
synthetic_good_0144,144,147.1285547512356,90.24437066099745,0.015633256741545684,90.07255204768522,Good
synthetic_poor_0113,113,65.05289337177474,52.224831857482165,0.20950002422067543,59.15637147743573,Poor
synthetic_avg_0295,295,91.6145850760689,77.38376380613028,0.1237807206034208,76.02892440746541,Average
synthetic_poor_0216,216,33.01368852554063,47.705060588930365,0.37091655916276856,43.86120342183115,Poor
synthetic_poor_0181,181,54.40862429765661,70.42322148447535,0.2430842400702534,48.911276847424,Poor
synthetic_avg_0069,69,105.1136581472291,80.00268398633018,0.09479560274381889,75.08608186386533,Average
synthetic_good_0268,268,124.26112158762396,88.82650381195077,0.015302249858830044,87.73861568997191,Good
synthetic_poor_0028,28,70.67935362501973,65.55181813651294,0.3810144485799125,49.16091753883994,Poor
synthetic_avg_0007,7,85.31322006256185,77.23618494982568,0.12240568219142169,78.73179434050799,Average
synthetic_avg_0123,123,102.54788254547994,75.63545657339544,0.08486896803394983,78.58555986257004,Average
synthetic_avg_0010,10,98.97501743573712,75.2736077121391,0.049599985302460535,84.82761729738795,Average
synthetic_avg_0054,54,107.73794457141776,77.58415313131984,0.041017766167828734,73.35565199606964,Average
synthetic_good_0046,46,109.24373147090523,95.39023529104429,0.030406467104939456,89.61451401811091,Good
synthetic_avg_0049,49,81.65870539066769,84.46522049759068,0.10128069726592469,85.74045244182386,Average
synthetic_avg_0071,71,80.77400106210655,81.56993136464159,0.14074748746382107,83.20112554127472,Average
synthetic_avg_0179,179,99.54953177989557,79.33892104951657,0.1524048346429358,86.18090897425058,Average
synthetic_avg_0280,280,102.90923108758277,75.77243799215736,0.08591973973440087,77.66374200038699,Average
synthetic_good_0261,261,128.0906643724933,86.2934258360973,0.003500953698733102,85.71995910904212,Good
synthetic_good_0195,195,150.2043292966774,88.26914891014977,0.03519466976830343,86.30939404625833,Good
synthetic_poor_0299,299,32.706338557663365,70.6941875025908,0.35496587266325463,56.584901193742915,Poor
synthetic_poor_0150,150,71.81615186652897,46.140252031445996,0.3502772767601302,54.52819054988674,Poor
synthetic_good_0107,107,113.99793520270988,85.22783183440785,0.03139713595484625,96.3977241548779,Good
synthetic_poor_0275,275,46.54776988314315,67.24231344394738,0.3157100644333303,53.86675154304804,Poor
synthetic_good_0059,59,120.09871977861489,89.73682380505971,0.0006976321233980126,91.24511285630368,Good
synthetic_poor_0091,91,65.39383168590189,43.66004158071343,0.29864858336793887,50.69042832406875,Poor
synthetic_good_0263,263,118.64670943479193,80.67276677941895,0.05051100177179928,96.71349012039637,Good
synthetic_avg_0272,272,88.87097910873031,76.53835531761273,0.06675505407860778,82.85073537756169,Average
synthetic_good_0100,100,103.60823085433259,91.37138950478385,0.05405919387576661,88.95556581369958,Good
synthetic_avg_0143,143,86.05962890132804,77.70291563455157,0.05367505148386117,88.49329248811934,Average
synthetic_avg_0190,190,90.60249583536717,84.89077320957688,0.11344163965426848,73.22818680199818,Average
synthetic_poor_0011,11,59.70547445800831,49.177405746420725,0.1986024504684682,40.550829802506584,Poor
synthetic_poor_0206,206,73.11280701550164,48.78435039525907,0.21411308064763757,55.73671117306443,Poor
synthetic_poor_0198,198,35.04903837863955,68.11437592156166,0.2630278191405694,70.56198055930126,Poor
synthetic_good_0169,169,152.50773191642418,97.73275585154295,0.008133556852330243,95.6218385507237,Good
synthetic_good_0179,179,149.41893159094434,86.28817420315708,0.018533188889733536,97.17313170973038,Good
synthetic_avg_0004,4,89.90069903093932,79.7970676315735,0.09560526614929396,84.87725254085557,Average
synthetic_avg_0041,41,76.85020366804599,75.6486734363287,0.09311684212824299,80.84788360592677,Average
synthetic_poor_0267,267,54.95878757999039,60.897714005733185,0.14016845111301904,45.70643903580344,Poor
synthetic_good_0149,149,112.81337806899849,91.72625632616055,0.0344165195499168,86.95735612203474,Good
synthetic_good_0124,124,149.20231641552064,95.27590087724622,0.03251286760477235,90.259598273193,Good
synthetic_poor_0108,108,38.49320819080457,63.81546752480567,0.20587354851790324,57.395234183038866,Poor
synthetic_good_0050,50,116.30404274009706,83.91007465803015,0.0065725004896233065,81.40698215696668,Good
synthetic_avg_0053,53,89.11867269042024,75.84732633028555,0.0992436364517505,75.91508175507184,Average
synthetic_poor_0230,230,43.792453259177954,52.41737587384279,0.29910193203201907,55.88638416554335,Poor
synthetic_good_0142,142,104.74333217594831,89.05849948823146,0.003183968834934805,88.62732251184593,Good
synthetic_avg_0170,170,98.080107412775,83.94486150455369,0.07485157658859184,72.05727538530395,Average
synthetic_avg_0099,99,85.98518599320094,77.37562794080475,0.10133944726937676,73.61606502300472,Average
synthetic_poor_0251,251,32.86024846298953,48.120836922163235,0.3960499111871125,52.951857323828065,Poor
synthetic_avg_0020,20,105.99710865737987,73.18798845518758,0.12835642866858632,78.2702626011356,Average
synthetic_good_0019,19,105.24220389883939,86.92077069185127,0.04427104946457738,82.97491173748561,Good
synthetic_poor_0211,211,51.25045191384535,60.4001079533062,0.31521824150757094,60.01304157554103,Poor
synthetic_poor_0112,112,63.69500452994781,58.70076297648022,0.21964274726432595,43.14664509805778,Poor
synthetic_poor_0128,128,72.01523437197851,57.70722692941965,0.16010481901334897,42.6980076543576,Poor
synthetic_avg_0107,107,86.07696898590352,83.04589446843987,0.04311431695583162,72.72383417596403,Average
synthetic_poor_0221,221,51.15221811026606,54.02482985768967,0.39980308758969324,48.20588701561701,Poor
synthetic_good_0038,38,105.05217992874975,91.26125521876443,0.02636984867539862,87.14794251185747,Good
synthetic_good_0175,175,134.46552533670084,89.0554851851136,0.022166857065521323,81.80619997463324,Good
synthetic_good_0245,245,119.05812715596234,84.66476530654542,0.05607436358352879,89.8162761362664,Good
synthetic_poor_0146,146,71.48100072287394,51.59339614744853,0.26384382078767266,62.03065717962827,Poor
synthetic_poor_0006,6,31.953419086552692,46.18550033747826,0.26543999267245133,66.61999944531433,Poor
synthetic_poor_0079,79,43.89297592143385,54.43658831320026,0.22963597386003595,42.98546947327115,Poor
synthetic_poor_0170,170,34.67311941443823,48.193445871202954,0.3352953106795206,55.13525096954063,Poor
synthetic_good_0154,154,147.7897689464007,81.53028299955685,0.0,85.93893694642641,Good
synthetic_good_0287,287,104.63070281744182,83.47473759090836,0.0527713427710384,84.35007717305088,Good
synthetic_avg_0244,244,107.18814350394211,83.88969684714228,0.08981803472168165,83.85425565414853,Average
synthetic_good_0017,17,144.3076273506073,94.15732699242156,0.05132189669833965,89.97739761042702,Good
synthetic_good_0127,127,128.1875246281918,88.61989183780607,0.018469380668823955,89.04529166853676,Good
synthetic_avg_0022,22,83.88901134195092,77.05232512205112,0.11524571218255963,83.34205447441914,Average
synthetic_good_0255,255,126.73306468701732,89.49338637979565,0.026194847848518287,86.0366720171552,Good
synthetic_avg_0296,296,90.12922929323548,85.5718123503867,0.07526884730510155,84.62550466312894,Average
synthetic_poor_0265,265,30.75529740061219,47.80980503433022,0.2182744473461107,47.86234414697622,Poor
synthetic_good_0190,190,144.19373443286958,88.26840390110513,0.030542669571062924,85.79013347816763,Good
synthetic_good_0115,115,141.57965971104468,84.37570527228243,0.006112163000480687,83.71120970188917,Good
synthetic_avg_0257,257,92.96734230917237,76.60668664174993,0.08600331266936526,75.12649390516886,Average
synthetic_good_0180,180,142.07841351103593,87.02671973944646,0.03463429498568267,90.33788206853693,Good
synthetic_avg_0001,1,87.31227302003829,82.0704489516644,0.1254192438869577,80.66890617767103,Average
synthetic_poor_0084,84,62.96265949910554,59.00243797805364,0.1394106402286756,55.40284246723348,Poor
synthetic_poor_0043,43,33.655785845268646,47.47180923888839,0.15848195191768386,48.63723646620436,Poor
synthetic_poor_0132,132,63.14687036420611,59.068354670248866,0.3661159802698741,65.04706231804519,Poor
synthetic_poor_0020,20,67.85030356005977,68.77471847393173,0.3298143819422349,51.398536782125944,Poor
synthetic_poor_0238,238,69.44140224366592,63.22595179634611,0.31304689422001697,61.242549879566006,Poor
synthetic_avg_0217,217,78.53901425519409,79.74687084139381,0.1267705944687085,85.70034949580587,Average
synthetic_poor_0284,284,51.86763677378643,69.16184189087502,0.3242050699223072,53.29328833451179,Poor
synthetic_good_0045,45,143.80832342275068,87.68752116345756,0.04710364502064777,87.60577926399233,Good
synthetic_poor_0214,214,37.01244460029384,55.33509327200847,0.182005109635231,41.94616778111498,Poor
synthetic_good_0157,157,107.89869913433601,87.41915333930582,0.04696221921607848,86.942299907613,Good
synthetic_poor_0070,70,48.361000914162595,46.09378536041674,0.30383347824964113,65.091060414231,Poor
synthetic_good_0171,171,116.43334994098919,83.56524523922019,0.05201168064685247,96.05458912252693,Good
synthetic_good_0016,16,107.99274935742045,89.23194901387185,0.03434381600339114,95.8135787900518,Good
synthetic_avg_0211,211,103.51503229346544,82.30060151046641,0.10148121500268431,78.22808314383497,Average
synthetic_good_0048,48,132.03378018141663,90.72557885307229,0.0072859145776188045,93.32892135798193,Good
synthetic_poor_0282,282,42.278533173395644,62.91111703521373,0.3040627973154849,70.81478322212911,Poor
synthetic_poor_0155,155,44.314332100202215,71.36163253615169,0.33866891876589506,41.57031059317673,Poor
synthetic_avg_0215,215,95.821077387132,75.94725575257867,0.11441726547053147,87.86214269436284,Average
synthetic_poor_0021,21,53.8306522486484,44.03821296242715,0.16517509968656258,58.319796766881765,Poor
synthetic_avg_0180,180,107.4376925127925,73.58637243143986,0.10399484913541754,82.70542518655272,Average
synthetic_good_0283,283,117.92119846512469,91.24044306159662,0.020919193685138004,80.2591273748533,Good
synthetic_avg_0293,293,89.26733947799009,81.46367735665014,0.1183275414753064,80.82026649634017,Average
synthetic_good_0225,225,127.36569229429698,93.82548431165051,0.00478821532161274,88.23034145930815,Good
synthetic_good_0026,26,130.6441849567565,96.23984623245023,0.044492197697904586,84.7128321395794,Good
synthetic_poor_0104,104,66.54464465634624,69.25088464278517,0.16457758014202023,55.06773944430235,Poor
synthetic_avg_0137,137,94.19616412153582,73.73042999184744,0.10102683456519843,90.00135077530692,Average
synthetic_poor_0252,252,41.75210659297952,69.73946866193313,0.34617339958365284,45.90872447248269,Poor
synthetic_avg_0064,64,106.0905072790047,82.53274916227802,0.13867857038149198,76.68728482988547,Average
synthetic_good_0229,229,143.0262245855986,95.02050697048843,0.01717796053816471,85.51275070179786,Good
synthetic_good_0037,37,107.02240539541276,92.43480388253636,0.026583710613062528,92.6770033243244,Good
synthetic_poor_0266,266,25.898028051654755,67.04692124908313,0.2466208276511134,38.06284095367949,Poor
synthetic_avg_0074,74,77.29850025354622,77.87609717460062,0.13686105955750405,71.63180972339929,Average
synthetic_avg_0169,169,84.69308673187123,74.18853334788186,0.07138022214840353,73.25533847906173,Average
synthetic_poor_0268,268,33.2887650168078,50.09239937830143,0.3688640036554897,57.22758620770575,Poor
synthetic_poor_0164,164,64.60145284592349,50.071966617597965,0.3105029137975998,41.07777725826652,Poor
synthetic_poor_0056,56,34.54017752694757,56.483859812276485,0.29910359570177475,49.62916156168947,Poor
synthetic_good_0194,194,128.62170653705192,82.2993720224834,0.039143560265511065,100.1917403880219,Good
synthetic_poor_0166,166,50.8479267398292,49.216814299677814,0.31699985216959775,44.36563430044422,Poor
synthetic_poor_0225,225,43.262106805610934,70.51924711105133,0.2795911140105379,37.3721571184828,Poor
synthetic_avg_0203,203,81.60977959966135,77.34288256159175,0.10095107858630734,76.42652434596882,Average
synthetic_poor_0270,270,75.12275804230538,54.23721885913591,0.1824782476071841,64.63936640533704,Poor
synthetic_poor_0264,264,54.578265336211686,70.41501080263195,0.35688898086881143,35.5664120208709,Poor
synthetic_avg_0279,279,82.84401816197844,82.72467791937964,0.1180483699894606,78.17005682586574,Average
synthetic_poor_0269,269,30.241504351331002,72.6034748000748,0.2570677295859256,52.64607081589132,Poor
synthetic_good_0162,162,104.54991542649304,90.6756445291543,0.033754520624366055,91.1364377018586,Good
synthetic_poor_0035,35,57.399146137893084,55.25248088205574,0.22236105940435996,62.42037296290381,Poor
synthetic_good_0152,152,109.3619583602745,83.83805505313106,0.00998813892495515,84.66461772685264,Good
synthetic_poor_0016,16,74.2000481091435,43.40441643394623,0.3124244926808793,54.28080500293095,Poor
synthetic_poor_0034,34,33.85790166555288,68.61070957528572,0.1596556088620917,42.193021823438784,Poor
synthetic_poor_0080,80,51.68739049940752,61.42838547803327,0.2599310150819338,54.70134282213329,Poor
synthetic_good_0111,111,114.68748761897024,90.79028546140484,0.029691420778600243,83.75259424507989,Good
synthetic_good_0226,226,128.9621874615835,95.00718031319305,0.015930641901740067,83.51114384033173,Good
synthetic_poor_0022,22,67.19293519314405,69.30371434278457,0.20681097434978232,46.34885783667355,Poor
synthetic_good_0103,103,130.9832357577695,97.25601332037066,0.029864566886184832,95.11578412342091,Good
synthetic_avg_0121,121,77.6353561520455,73.34290220711064,0.13479158644626515,86.47829869143902,Average
synthetic_avg_0119,119,78.38622067035224,81.943805086431,0.13571352322451943,86.42575792362626,Average
synthetic_avg_0286,286,94.25180762721202,72.56296808884036,0.09338484648415483,77.1198064605347,Average
synthetic_good_0119,119,152.89073399264913,89.14436806886059,0.01989252369201404,84.22066757103596,Good
synthetic_good_0053,53,140.38817231722658,81.48823804254238,0.0070049984039879535,94.06120004091267,Good
synthetic_good_0151,151,109.24633751036963,91.03056120107728,0.05988312569124403,88.38357929523404,Good
synthetic_avg_0103,103,81.49412020132934,79.82748140408543,0.11764649069134771,86.50184366880211,Average
synthetic_poor_0247,247,40.49054355261017,54.13783923443616,0.15760342102855093,53.54379666550851,Poor
synthetic_good_0207,207,141.52135172362847,95.72117742834043,0.047201499010889575,93.29835381053672,Good
synthetic_poor_0158,158,73.20895635783188,48.49659824000061,0.19956551687082286,38.660533534649545,Poor
synthetic_poor_0253,253,53.97196692868235,65.76420349178233,0.31030165590237463,55.786698534838926,Poor
synthetic_good_0008,8,131.94641469379764,81.79955766409017,0.011918558744763677,93.95451835128543,Good
synthetic_poor_0159,159,55.941787835652406,67.17516565536505,0.34974770806188116,61.65958148608541,Poor
synthetic_good_0036,36,106.84238050923042,94.77680427622016,0.049440138838198214,91.84147563722343,Good
synthetic_avg_0152,152,96.7744636254186,81.1195443746006,0.062365528358868,83.41329442833181,Average
synthetic_good_0253,253,101.3302197032481,91.129586224194,0.025790541098460396,80.59329065865596,Good
synthetic_avg_0003,3,94.81259322798545,82.06435209649719,0.12209679646828521,72.25758036836022,Average
synthetic_poor_0072,72,35.94732728413468,49.160091666195186,0.3605593990966986,57.9592755362836,Poor
synthetic_avg_0271,271,103.8777998146354,81.65222632657128,0.08563895179404453,74.8827741223505,Average
synthetic_poor_0023,23,35.1664836647224,52.994589346041344,0.20473650398441848,43.91876413412755,Poor
synthetic_poor_0089,89,33.15071571730758,60.868530905187676,0.35099409496507356,48.16023765082293,Poor
synthetic_poor_0050,50,56.66797035294629,48.908220714555796,0.23727003050813383,43.95312359235092,Poor
synthetic_good_0262,262,102.98709568756644,86.46724373568657,0.011404129864435763,84.92867178860644,Good
synthetic_poor_0010,10,67.21063321275258,63.275409236712356,0.2904569828300881,55.15240565213766,Poor
synthetic_good_0297,297,143.51902216554396,94.50288704592292,0.015586430636491788,88.57248819813535,Good
synthetic_avg_0114,114,92.97422584549213,82.9603165084342,0.0926942439659812,82.34567116971888,Average
synthetic_good_0150,150,118.5932576162443,93.77572499206516,0.0,96.86022957659615,Good
synthetic_poor_0110,110,33.1324038816755,72.31003516497483,0.15812773841050712,61.63590582300194,Poor
synthetic_poor_0196,196,38.94600328091556,58.4076380363115,0.3053715392951826,49.64444216157952,Poor
synthetic_avg_0250,250,86.83297272133728,78.46791421732111,0.1392017693363198,76.79377641725085,Average
synthetic_avg_0188,188,106.2772840249318,71.25362999422319,0.1522467599284804,72.38060941953323,Average
synthetic_good_0147,147,150.33906130625888,93.83921708514751,0.011431572034692014,84.36434883455149,Good
synthetic_good_0146,146,111.1893512346948,89.82009233431765,0.005425260333522324,89.34559179908803,Good
synthetic_poor_0051,51,73.22572111436716,70.82440200262383,0.37257999069144204,48.43557969009985,Poor
synthetic_poor_0233,233,59.83921149295914,52.103976854908986,0.3859399852264444,36.881414371919135,Poor
synthetic_poor_0066,66,70.03211755974996,53.20662672317035,0.27333425365375286,50.71629884428491,Poor
synthetic_avg_0048,48,107.81325222355946,82.45770767084522,0.13265037821757295,84.63703429858593,Average
synthetic_avg_0163,163,90.53066100616081,80.3648977356925,0.08547658345795218,75.79668848161634,Average
synthetic_avg_0025,25,92.65414349534461,81.13373071641408,0.08514909032721654,75.82550577059489,Average
synthetic_good_0186,186,109.20079963028945,85.7860485895174,0.02630742518036325,96.07080769493614,Good
synthetic_good_0123,123,154.25151930560355,84.37954634042364,0.006327824685184654,92.45120803609261,Good
synthetic_poor_0165,165,50.54441050970001,55.12228725226016,0.1752080549417672,69.49735044804783,Poor
synthetic_poor_0008,8,48.02620386166786,53.80048853938839,0.32348192177895474,61.62084989292387,Poor
synthetic_good_0143,143,101.51087657138972,95.02236807519716,0.0,94.77538362251698,Good
synthetic_poor_0259,259,34.90196273565303,56.225340040440535,0.29186227841311935,55.39460679655416,Poor
synthetic_good_0197,197,111.71296376725259,94.77309553703549,0.055496732582314114,91.12308970802034,Good
synthetic_poor_0009,9,64.3519772815617,62.299988898323434,0.25975800861123766,57.97932742446823,Poor
synthetic_good_0279,279,144.56826170871975,90.05117215895736,0.06566114707518536,82.18494305803867,Good
synthetic_good_0293,293,129.30857389796955,88.94075355144825,0.0031342299845205177,81.06985225901039,Good
synthetic_avg_0100,100,95.50056339681444,82.68185160092543,0.08316703585356683,80.21991385920686,Average
synthetic_good_0122,122,134.2461011945869,97.12347773954595,0.05041527906213681,92.1708022839415,Good
synthetic_good_0183,183,135.50355450732306,99.97685377093212,0.05083922137109011,83.73014046990235,Good
synthetic_good_0202,202,122.54239336509472,84.3326187385136,0.050937837395686025,87.35905701708049,Good
synthetic_avg_0138,138,106.95039015316036,77.3204336601603,0.11068678972079608,82.42029149333693,Average
synthetic_good_0246,246,105.57862150373836,91.42346874621204,0.014279484149946235,94.42838738779629,Good
synthetic_avg_0115,115,85.01836964072798,81.18494614409316,0.09853581601550192,71.58406076077759,Average
synthetic_poor_0195,195,67.83264648184259,51.51419295088772,0.3348521668208755,59.04131040552756,Poor
synthetic_good_0129,129,145.7671065124077,92.7638465195541,0.014824991697899836,87.04614530737673,Good
synthetic_poor_0037,37,39.03073976968007,56.13447524343133,0.38655860251241914,38.161416926985986,Poor
synthetic_avg_0102,102,98.2792189875442,76.68191814868955,0.06623325842438121,81.9705117775562,Average
synthetic_poor_0106,106,30.78839440657296,69.56180449437738,0.1690645540365032,60.872077038373064,Poor
synthetic_poor_0094,94,37.55330508264605,70.42528353212522,0.1573258257446774,45.530249477117174,Poor
synthetic_poor_0217,217,38.634420169769086,56.7472339461095,0.37369412028813936,57.33874790620996,Poor
synthetic_good_0219,219,148.47338009696585,88.1910333829904,0.0314166853774608,89.19810597189448,Good
synthetic_poor_0041,41,66.56723820895004,60.41176663526786,0.1758205626874552,68.68309993055117,Poor
synthetic_poor_0219,219,61.18920389474101,55.6684887903079,0.337173633891467,46.794542439156444,Poor
synthetic_poor_0077,77,49.0346365841448,71.6699951575916,0.15875926989953346,47.72911822947659,Poor
synthetic_poor_0222,222,69.35359111084976,67.87768240131037,0.3334196027991978,53.57154232768981,Poor
synthetic_poor_0024,24,55.52534646494384,66.4753836600183,0.28988531321555455,57.14193274443177,Poor
synthetic_poor_0153,153,70.91086515637798,59.20335249561211,0.1757838336832799,39.749312501083686,Poor
synthetic_poor_0085,85,54.19202710240218,54.872644190102605,0.3115405523298057,50.52965692651559,Poor
synthetic_avg_0086,86,77.96739646017275,81.95528359203993,0.13566988958473233,83.99052631320525,Average
synthetic_poor_0272,272,60.4225402096519,57.94148919383638,0.3078334341894464,45.05870945438192,Poor
synthetic_avg_0209,209,102.68402073452367,75.78650961562197,0.06995462176234002,77.54006013905064,Average
synthetic_good_0267,267,103.70204447239884,86.97749120620867,0.02581964943572196,86.64810273217077,Good
synthetic_poor_0154,154,66.1441993292762,73.49447137885676,0.20138913194132513,54.81403289445291,Poor
synthetic_avg_0141,141,90.17762149468783,79.8054242844966,0.08369539954123807,70.97964704747655,Average
synthetic_avg_0196,196,85.10384689135907,71.92021029342095,0.0661253890877581,76.8006902729592,Average
synthetic_good_0112,112,116.05743705623789,96.36571251549918,0.053518591990457456,95.60800033745663,Good
synthetic_good_0232,232,118.26867850123536,91.1043823374887,0.036906687286549715,92.63574824147952,Good
synthetic_poor_0180,180,53.996335733181276,59.200728613458466,0.20705736806455619,67.2726058575576,Poor
synthetic_poor_0007,7,67.01437314714192,69.211684414575,0.2515047148692901,44.630171635559556,Poor
synthetic_poor_0071,71,57.31824288396678,57.16060885855119,0.2702428743293687,36.74099767479965,Poor
synthetic_avg_0073,73,95.7724060570975,74.9720212658087,0.1258153132053202,77.26044940177093,Average
synthetic_poor_0281,281,60.23809831374466,58.581200122544125,0.35581053312843564,68.41591121407829,Poor
synthetic_poor_0157,157,48.02196088216884,52.52037074095632,0.3330885217799556,43.33596610745066,Poor
synthetic_good_0233,233,118.20371310234069,82.77333560532091,0.0165882977761529,92.47199887454839,Good
synthetic_poor_0107,107,28.1469069718864,66.71080244537966,0.3219751711621517,67.41268124868745,Poor
synthetic_poor_0076,76,29.71067695758831,44.91943838291592,0.20697475902773999,38.64299482654521,Poor
synthetic_avg_0017,17,87.96009257740855,74.5237292837782,0.15054545007386874,80.0529772817485,Average
synthetic_poor_0048,48,47.545958879451156,57.98784005708908,0.1805331521308721,52.17080178760074,Poor
synthetic_avg_0110,110,104.91934897526531,83.11816561944391,0.08003265024786238,75.46248091519963,Average
synthetic_poor_0273,273,63.282622653105484,49.54885262040314,0.17156351827559116,62.06216796513323,Poor
synthetic_avg_0058,58,107.93952495035214,85.07792744763401,0.12364600425331287,72.13453899830289,Average
synthetic_good_0258,258,120.5270371143515,92.32286902665177,0.016706258388685388,91.89809441166332,Good
synthetic_poor_0027,27,49.51893218106698,55.363315057980806,0.18698204152349904,49.96636701314934,Poor
synthetic_poor_0032,32,54.55849311596867,46.52652815651789,0.3030778975877878,49.06276741478567,Poor
synthetic_good_0282,282,108.41537138586976,91.87522344274365,0.0054194821142196,92.87360583361694,Good
synthetic_avg_0076,76,83.56901701639865,73.87710298506425,0.11771290293241628,81.05306412192795,Average
synthetic_avg_0084,84,79.84388687848188,75.68705734657105,0.0704007435803707,78.09785829400145,Average
synthetic_good_0224,224,112.57193088427006,90.84079903470699,0.03688381779084962,92.36088403617842,Good
synthetic_poor_0254,254,65.59406148805432,57.537943858328475,0.19161923007862197,66.24400538396257,Poor
synthetic_poor_0136,136,57.710913592925124,46.45867129821745,0.2286780592984703,37.610286126385446,Poor
synthetic_avg_0172,172,78.40462051745907,78.82867456489242,0.07672331008900618,82.18622746092798,Average
synthetic_avg_0047,47,77.69839681794615,72.88890138046595,0.1067784312006417,78.9446918742235,Average
synthetic_avg_0205,205,82.75218565152073,81.20334981587784,0.07067116540182056,76.2277130956754,Average
synthetic_poor_0039,39,67.48931165551866,51.3513075031912,0.1983403405489491,52.238217487253756,Poor
synthetic_poor_0287,287,35.84748391478444,48.798279910128585,0.2831765481441991,56.60194129573086,Poor
synthetic_poor_0249,249,32.22163904175142,62.88520517647369,0.3405407560115983,67.840055920164,Poor
synthetic_poor_0210,210,73.29797991567123,62.20285496750566,0.2616131874777611,67.6973648955212,Poor
synthetic_poor_0019,19,33.56507914356455,49.0358419355067,0.2827826350615696,56.49199080733366,Poor
synthetic_poor_0167,167,67.53572122547784,65.3846229886812,0.31610043431469437,41.40497733591941,Poor
synthetic_poor_0045,45,28.69792226011521,46.35001705997331,0.28055198187513397,39.87205697623424,Poor
synthetic_poor_0160,160,42.640072156067745,53.94685896320315,0.2704535138668028,33.83667315561124,Poor
synthetic_avg_0256,256,91.04111969754985,76.7412785157504,0.06811298681943401,74.98533396854054,Average
synthetic_poor_0258,258,54.866725426312826,57.336053505196986,0.2698881830530493,64.63738530357867,Poor
synthetic_avg_0277,277,85.59542133126978,70.09785033644717,0.06837575274382914,84.3960073425264,Average
synthetic_good_0085,85,140.00433704443157,86.43027234726152,0.006027535316236178,95.76095898651266,Good
synthetic_good_0242,242,99.92284787265076,87.24980324491504,0.030161956762809947,82.25799749167352,Good
synthetic_poor_0098,98,34.24885590389021,58.230466404131356,0.24687949383546892,40.89309119772633,Poor
synthetic_good_0159,159,125.85294124351506,89.92765727887104,0.020551157036540892,82.79088757393583,Good
synthetic_avg_0224,224,95.79940259909345,73.5601567378554,0.06371482677525646,83.14531481038829,Average
synthetic_good_0035,35,121.74984759913342,88.36956279071538,0.012056028939667285,83.55160496852909,Good
synthetic_avg_0240,240,96.26070843255613,82.27372658220546,0.14575798181241723,78.82852514077693,Average
synthetic_good_0170,170,124.2381312720284,81.78430908819843,0.07116180191766124,81.54795958937149,Good
synthetic_poor_0054,54,69.222801057453,64.93691060854647,0.4184471712148026,47.35363537025227,Poor
synthetic_poor_0277,277,54.96871850408554,54.28528490775747,0.403890725974584,57.68024278792254,Poor
synthetic_poor_0161,161,61.00574122676499,55.80646075565133,0.3719355990881544,55.86679498317977,Poor
synthetic_poor_0246,246,43.07535376536709,56.098064294188966,0.1756037444382398,64.8535752809182,Poor
synthetic_poor_0133,133,73.13294479866366,56.76369800961844,0.28040924423329566,48.07698282049114,Poor
synthetic_good_0095,95,129.7757282444172,95.73951756094728,0.060190140172713576,84.04632073280078,Good
synthetic_avg_0263,263,103.33457574257112,75.5098125617947,0.1330495645671037,81.81044389243915,Average
synthetic_good_0240,240,125.6987202297634,83.21306776326674,0.06089772281885155,96.6781275568278,Good
synthetic_avg_0274,274,82.9361533871642,77.11426470547357,0.13043418328740802,71.78436909048018,Average
synthetic_poor_0090,90,63.484579494744935,69.57779498288316,0.20509506954805048,57.416273256733206,Poor
synthetic_avg_0160,160,86.20938856213206,81.11191866321741,0.12887177977101447,79.8351779391726,Average
synthetic_avg_0253,253,106.68413545337846,79.9223708641624,0.08970700396338331,75.75584077987459,Average
synthetic_poor_0186,186,51.731653403050814,72.7707884671001,0.22868617660094254,45.350525711332594,Poor
synthetic_good_0206,206,104.39624440937094,85.64664883740907,0.045512823575356486,96.12018641369971,Good
synthetic_avg_0092,92,107.99322267118545,77.6786970396738,0.06549312649862557,84.25549043846156,Average
synthetic_avg_0097,97,103.24458077198587,81.70534829190188,0.12351140941451845,73.306037525451,Average
synthetic_poor_0162,162,57.92274056430762,56.601976105574465,0.26557509895617365,70.1918881910129,Poor
synthetic_good_0217,217,153.66893870176443,95.95772090731391,0.003456170386352122,81.34349301204382,Good
synthetic_good_0004,4,116.69973560522654,91.20635141949427,0.0035945079353156585,86.6064387665512,Good
synthetic_poor_0042,42,49.010874794927545,65.96248786654078,0.22280467987675887,39.48198773621725,Poor
synthetic_poor_0204,204,51.57785426664791,64.91755656755736,0.234061035828071,52.42374933814601,Poor
synthetic_poor_0012,12,64.91158430279307,56.54500602412994,0.19156182177041609,49.71841737576458,Poor
synthetic_poor_0138,138,27.077852267767764,73.26560978345138,0.20490898497191226,46.19978371450995,Poor
synthetic_avg_0246,246,81.9214903444381,75.30770103072223,0.05634466938136018,72.10457494289041,Average
synthetic_poor_0125,125,63.076809994924204,50.520144480167964,0.30591585726829623,39.85853413467159,Poor
synthetic_poor_0083,83,35.78632854076272,64.24050808183995,0.3572370095855061,45.151199298992395,Poor
synthetic_good_0098,98,119.18175766351078,82.72804268484836,0.05113045084544379,87.45727086336348,Good
synthetic_poor_0127,127,61.53217014347368,57.19348406402384,0.21902369833945076,66.17233868700468,Poor
synthetic_avg_0273,273,80.48413225803672,73.56061873417795,0.05630159527615415,88.94229762006687,Average
synthetic_avg_0106,106,93.70755281111909,84.7236197195289,0.08494499243667258,69.58865561189438,Average
synthetic_avg_0202,202,102.97186476675257,80.34007032418818,0.07060268570121565,82.76463856844872,Average
synthetic_good_0047,47,144.18315995074454,90.0151924613487,0.04727471449466891,87.3871368859918,Good
synthetic_good_0032,32,110.6325748972068,86.59743801387204,0.05743205872158011,86.3547868706329,Good
synthetic_good_0200,200,111.21035523965601,93.90444816177123,0.015609511633992903,89.3588400363397,Good
synthetic_good_0134,134,124.36744621854632,86.06838403936497,0.017950947733081094,91.14485432899384,Good
synthetic_good_0027,27,121.37529101882879,90.62451788113043,0.056564867026568696,96.46114664367168,Good
synthetic_poor_0188,188,38.74092400919283,70.36431750599301,0.18426585979286886,46.01044217155618,Poor
synthetic_good_0230,230,156.04269703750805,90.03712901419004,0.055444413662282,86.22860765524867,Good
synthetic_avg_0189,189,86.07009145910895,80.60237221262605,0.07425690057031481,78.35771659684131,Average
synthetic_avg_0078,78,89.46141742174969,78.67985247065815,0.09217286035984333,88.38378492015302,Average
synthetic_good_0288,288,129.24277707608903,89.68517518477334,0.010607628767608613,94.08242204298689,Good
synthetic_avg_0118,118,84.60531280560522,82.67832893229637,0.047474416282114074,87.84558329743881,Average
synthetic_poor_0074,74,34.51745505450392,59.90222622157173,0.3145243177537346,38.87736696188886,Poor
synthetic_avg_0091,91,100.76363481904626,80.3527809307478,0.14512171542658425,70.14553260871008,Average
synthetic_avg_0292,292,79.94156182277129,81.17173006024012,0.12081434304576556,72.7833992194079,Average
synthetic_avg_0198,198,96.9566144397414,74.78483574878548,0.09122894544418775,78.78103946118571,Average
synthetic_good_0138,138,134.3927646579015,96.30033588370596,0.022429279182498395,91.2046567646579,Good
synthetic_good_0062,62,127.44590771564317,85.75390528412856,0.03271092834379573,84.78087685983596,Good
synthetic_avg_0171,171,89.02956207437809,77.40993727825469,0.13109608613155727,80.63022982771496,Average
synthetic_poor_0047,47,36.67674894789621,58.02049238312277,0.17759892215801515,45.96486611197098,Poor
synthetic_good_0128,128,106.04992121154865,93.62265605893354,0.0,84.41384044051178,Good
synthetic_poor_0276,276,36.44608976309296,54.12019591968986,0.27948882517796453,43.33264153608133,Poor
synthetic_avg_0220,220,89.17466270275818,73.30225594404685,0.06338764614352935,69.78106163464649,Average
synthetic_good_0064,64,149.15593464132158,83.37858603504297,0.0,100.96548941278665,Good
synthetic_good_0014,14,107.55341628007507,93.34207341376766,0.026034843114123435,90.98653406139424,Good
synthetic_good_0156,156,132.57663435522986,83.04130645012981,0.030350900522186218,87.171611647193,Good
synthetic_good_0040,40,137.1342859960012,90.62337514084065,0.02223725652392197,86.41199900363799,Good
synthetic_avg_0192,192,86.4382247078057,73.24382516477722,0.16337140646239554,88.11475927398443,Average
synthetic_avg_0079,79,98.00282814410325,83.18790496735235,0.11957848547990742,75.92084084607059,Average
synthetic_good_0187,187,103.90412735365116,87.02954842917111,0.02029633258109007,96.62012436453114,Good
synthetic_poor_0163,163,45.11913716918058,56.17899580389324,0.2789248425662561,56.90900705407375,Poor
synthetic_good_0216,216,125.11398504700192,84.97862935623763,0.037326460254547146,91.08799613440704,Good
synthetic_poor_0191,191,25.49890235164108,58.22907487061128,0.28576587012205074,49.00167474396495,Poor
synthetic_good_0052,52,131.38117627851287,82.31642095026577,0.007181085907834325,97.14141200566927,Good
synthetic_avg_0037,37,74.11113938500408,81.81447460783325,0.08108610476958861,73.81564696353225,Average
synthetic_poor_0148,148,27.244740470234454,49.41458576282696,0.35262884638199604,57.906845494214465,Poor
synthetic_poor_0119,119,41.96709366538948,62.29967988509456,0.34555582644360044,48.71871571233615,Poor
synthetic_poor_0124,124,52.74762016343399,61.47125636723441,0.2943982504969771,60.27698575261367,Poor
synthetic_good_0295,295,146.07497799474154,84.2923330684154,0.01170904066971857,91.01506255733887,Good
synthetic_poor_0101,101,52.65588340912247,70.30587837644399,0.2938635746152662,50.52321363865459,Poor
synthetic_good_0251,251,132.20854416110825,89.09130842674305,0.018475590473034407,95.34311394332892,Good
synthetic_poor_0126,126,30.608260278368377,62.54795053143459,0.3339594035091387,46.68561619184124,Poor
synthetic_avg_0161,161,109.20117215650295,82.08187636998014,0.09987429482984479,73.92318863172842,Average
synthetic_avg_0155,155,110.51726297547981,78.78607306603503,0.12177198272043055,79.70742822667614,Average
synthetic_poor_0296,296,62.14555221445722,70.18140306371957,0.2857973401874503,53.73218558449953,Poor
synthetic_good_0269,269,131.75189559426303,95.32960064796181,0.056296098271203215,96.28327979862009,Good
synthetic_good_0201,201,110.06897873930717,87.55571864226845,0.03488725914340138,98.4066023730439,Good
synthetic_good_0161,161,133.7470311414196,85.01523304702334,0.025414345648067518,91.2986733701757,Good
synthetic_avg_0255,255,85.90280772287943,77.18406658545308,0.12758379669385594,76.66928790116945,Average
synthetic_poor_0129,129,50.56525604877299,66.97646929190647,0.17972151511942458,51.113012275567364,Poor
synthetic_avg_0101,101,92.68417798562254,80.40095426007024,0.0853941871004838,68.72163884557139,Average
synthetic_poor_0102,102,44.15697806211496,61.84723803402244,0.15940280892322958,41.57530163797076,Poor
synthetic_avg_0176,176,104.54153397165437,80.81573407017864,0.10035943641917767,83.80208783938801,Average
synthetic_poor_0171,171,33.36079534674443,67.07225485603065,0.1827030507915031,70.22094959900568,Poor
synthetic_good_0105,105,109.23169034037055,86.72404648093348,0.052856530418811595,92.09359653298363,Good
synthetic_avg_0265,265,80.54716787584654,75.27906962161427,0.06163382619202017,83.45588966003871,Average
synthetic_avg_0089,89,76.67454933388808,85.10130409650168,0.14098014804590384,74.02039776801035,Average
synthetic_good_0001,1,105.76668390579466,89.09945629086472,0.04426811323968004,87.80568848691244,Good
synthetic_poor_0239,239,53.2940494859315,55.315165758712666,0.2740443078438143,65.49147752658327,Poor
synthetic_avg_0261,261,90.82779388520183,73.06115042537833,0.067062972215221,73.49104118743591,Average
synthetic_good_0080,80,137.95751140514173,87.8042314375299,0.035093838268789354,98.06090356662844,Good
synthetic_good_0205,205,108.9766225737215,96.28974425151075,0.06070399679803942,97.95977051185133,Good
synthetic_good_0034,34,117.56924335372952,94.91774202543947,0.002122070728700069,88.35023356702825,Good
synthetic_poor_0175,175,25.8613796003933,65.80561973871411,0.3269642545619662,61.72871968694778,Poor
synthetic_avg_0208,208,92.80411787858965,74.17960744851847,0.12941922530276792,77.73816366279462,Average
synthetic_avg_0127,127,102.52431914763736,76.42325717560554,0.11690802144940504,73.81205779095605,Average
synthetic_avg_0154,154,80.60582075971774,74.19533792729419,0.10987328189187362,75.3287046161158,Average
synthetic_avg_0066,66,82.81154331799917,74.39417245808531,0.11541066666719689,86.78075281208373,Average
synthetic_good_0091,91,122.89305963111019,82.2405087649182,0.0,87.4868151823123,Good
synthetic_avg_0039,39,82.43130514743606,78.6046536352694,0.05725163063226309,83.52485424175529,Average
synthetic_avg_0264,264,75.37515390804533,80.71827388289222,0.13511497381369456,75.32999179499237,Average
synthetic_avg_0045,45,103.93742801179165,79.91701836026657,0.11606731665289491,90.05621904158275,Average
synthetic_poor_0176,176,45.81514427324806,68.74709375145858,0.2655799467822561,46.502991030105946,Poor
synthetic_good_0241,241,149.1315680643019,82.41381330398451,0.060389386033977685,98.29609364080359,Good
synthetic_good_0013,13,124.40672628110693,83.03370578060515,0.018709975274054918,87.25190938990885,Good
synthetic_avg_0015,15,86.92460638649219,78.80823725173269,0.14061559359146222,83.2995034271278,Average
synthetic_poor_0000,0,38.778329047345274,68.6458958092387,0.3513299506129585,37.45848102435135,Poor
synthetic_avg_0087,87,86.26969807963354,83.68420836376397,0.13436280624171293,84.38749616985575,Average
synthetic_good_0273,273,123.56377286663462,85.61816142382399,0.031967527156141234,87.6231239967029,Good
synthetic_good_0166,166,119.8278551133056,85.10124078323595,0.05228278159490052,89.61508465415413,Good
synthetic_poor_0240,240,52.436542644122596,57.28695556609448,0.18631407659094207,45.943260585681294,Poor
synthetic_poor_0292,292,27.840558891072362,52.82153425084057,0.2453954303531352,39.17831863382012,Poor
synthetic_poor_0046,46,35.98376282500697,66.21659316825694,0.24960614999116018,59.95270773988894,Poor
synthetic_poor_0218,218,59.582936693610826,46.74945859217491,0.30158063451742884,48.09231452761351,Poor
synthetic_avg_0184,184,81.17307009986312,76.88527181892314,0.08218412662735995,80.52630405882692,Average
synthetic_poor_0280,280,47.21916596146895,48.01586798183017,0.22014900396681314,36.226173824345565,Poor
synthetic_avg_0204,204,86.39202588374951,77.14098651394316,0.13988297615944836,82.00925585579976,Average
synthetic_poor_0231,231,66.55845458641531,70.82209197465065,0.2921575973931114,48.84753076166536,Poor
synthetic_good_0243,243,105.66631052381575,97.27714141344069,0.024627845311210792,95.98550082795694,Good
synthetic_avg_0266,266,109.92813686269622,82.16586339921676,0.14310879141005228,84.94240143854283,Average
synthetic_avg_0262,262,98.94367264362903,81.11908393987926,0.12263533636053185,83.64313618077385,Average
synthetic_poor_0086,86,29.631882742910964,49.48710343848023,0.37690635171771986,45.62401635624985,Poor
synthetic_good_0189,189,128.65563106466155,81.4629231505723,0.04118224424530588,93.26895093760683,Good
synthetic_poor_0182,182,62.36835626375492,53.62847546588543,0.19782679621753607,65.89985623810308,Poor
synthetic_poor_0099,99,64.73272416742974,65.84437574683426,0.1515723874482842,38.47299718463762,Poor
synthetic_avg_0175,175,82.60318302319328,78.54277760228268,0.0861539445112455,82.25661089204488,Average
synthetic_poor_0081,81,52.428396095852335,55.55101637504019,0.3926372242051501,41.3447323948032,Poor
synthetic_avg_0210,210,110.09989381824892,79.48201441434996,0.10177000856778809,70.31960047530404,Average
synthetic_good_0058,58,106.66103564357513,88.0635689686997,0.02733954468397227,92.62492819587854,Good
synthetic_avg_0174,174,86.04094907155023,79.96761672197016,0.10965434832433868,83.7772914827173,Average
synthetic_avg_0260,260,78.94516756245251,83.65923126368031,0.09339355253762367,71.76047908748677,Average
synthetic_poor_0256,256,55.98182681657875,54.96492472283706,0.2787005058217633,55.924942055298494,Poor
synthetic_poor_0147,147,47.2147446554199,52.26528720969539,0.2651283109484059,67.15404447124436,Poor
synthetic_good_0252,252,102.672540873721,94.80952148266236,0.04679563499470196,100.18783104002499,Good
synthetic_good_0021,21,115.76552425121939,85.11325990593757,0.0076015516532171885,87.04464659856917,Good
synthetic_avg_0013,13,78.30166751507565,80.35340576054185,0.08692580256658905,79.3358814227902,Average
synthetic_avg_0159,159,91.44137828494232,77.24315685349985,0.10382699595016533,82.36929035926102,Average
synthetic_good_0160,160,139.9173792374329,84.76188707496738,0.04475487815191096,96.22176041265254,Good
synthetic_good_0276,276,149.63107141183076,95.83756789233279,0.029264288695574733,91.6839099153986,Good
synthetic_good_0191,191,117.46009222574457,84.91643786307122,0.008190544265788824,86.09139313855806,Good
synthetic_avg_0085,85,80.26332406710029,79.387205645269,0.10978308698319597,76.97055178953025,Average
synthetic_poor_0205,205,37.59269807523493,72.50755180626706,0.15694602286705747,37.406534095811544,Poor
synthetic_avg_0113,113,88.17906273744872,72.69521203470325,0.06601475987260949,75.81413462139025,Average
synthetic_avg_0191,191,77.00130876903151,78.30140202904198,0.052927115741681234,78.34217042588135,Average
synthetic_avg_0043,43,84.33385787395989,72.77431496751929,0.12409844160240369,74.16887190887579,Average
synthetic_poor_0169,169,33.7547908562279,56.49089361554847,0.2503133282752282,52.69093346239024,Poor
synthetic_avg_0008,8,107.42076389712557,77.80826920698858,0.07772885505409047,78.4106444052189,Average
synthetic_poor_0061,61,35.76979121601102,64.92230269502058,0.3096185017664013,65.11106469157102,Poor
synthetic_good_0130,130,150.68272274618192,87.51133454654534,0.04627429778668657,86.07476143810158,Good
synthetic_poor_0063,63,71.54347730665123,67.40298847963963,0.23032963640872867,69.55011739110735,Poor
synthetic_poor_0271,271,53.63359048952351,49.84810068143537,0.208030670848599,49.678006250394574,Poor
synthetic_good_0099,99,132.67875991246737,82.65929152759557,0.010678565828646768,97.79159594713448,Good
synthetic_avg_0072,72,101.56696332936188,75.23101085115789,0.07084227317655988,80.16973347439232,Average
synthetic_good_0087,87,131.46347140468419,95.7663495508126,0.03483406355802951,92.14044842224844,Good
synthetic_avg_0158,158,104.57619310722922,80.66321576425406,0.13828303715966825,86.2183337181079,Average
synthetic_avg_0030,30,90.06631002240898,77.6440995776259,0.10754134396416082,87.2070997595942,Average
synthetic_good_0214,214,141.00094136474783,95.06792507354463,0.015006547504273715,98.03022892223646,Good
synthetic_avg_0166,166,94.22087872138951,73.81069714559112,0.13560500955203528,83.8654500024662,Average
synthetic_good_0121,121,138.20360968912522,85.16232795992157,0.016922713833508962,86.75241363161105,Good
synthetic_poor_0014,14,43.90776999091237,60.36649561872023,0.2516165671656886,62.62229477842602,Poor
synthetic_good_0020,20,111.21409435586989,94.07034410891649,0.05397983060662651,88.47158180447481,Good
synthetic_poor_0100,100,59.736872119441266,69.61669433637236,0.34912804100888173,66.25684907350616,Poor
synthetic_good_0071,71,148.89508204238817,93.73768109993794,0.027360162313038162,83.57365488185903,Good
synthetic_good_0106,106,140.80637952754998,89.42726995092686,0.050473937866539295,94.28016596555877,Good
synthetic_good_0270,270,108.18911678743534,85.19829859016794,0.034574902398034395,100.92956121303382,Good
synthetic_poor_0260,260,61.332340310876894,51.00069719550096,0.28907257773810796,64.73142758472751,Poor
synthetic_avg_0135,135,91.79039479267297,74.21033361656701,0.0941320331576119,67.92487648933121,Average
synthetic_good_0102,102,114.25918494710474,84.79106411303553,0.03493547492912848,94.7729288850043,Good
